date,closingprice,nextdayPrice
2020-01-02 00:00:00-05:00,73.44939422607422,72.73531341552734
2020-01-03 00:00:00-05:00,72.73531341552734,73.31491088867188
2020-01-06 00:00:00-05:00,73.31491088867188,72.9700927734375
2020-01-07 00:00:00-05:00,72.9700927734375,74.1438980102539
2020-01-08 00:00:00-05:00,74.1438980102539,75.7187728881836
2020-01-09 00:00:00-05:00,75.7187728881836,75.88996124267578
2020-01-10 00:00:00-05:00,75.88996124267578,77.51129913330078
2020-01-13 00:00:00-05:00,77.51129913330078,76.46463775634766
2020-01-14 00:00:00-05:00,76.46463775634766,76.136962890625
2020-01-15 00:00:00-05:00,76.136962890625,77.09066772460938
2020-01-16 00:00:00-05:00,77.09066772460938,77.94415283203125
2020-01-17 00:00:00-05:00,77.94415283203125,77.41593170166016
2020-01-21 00:00:00-05:00,77.41593170166016,77.69226837158203
2020-01-22 00:00:00-05:00,77.69226837158203,78.06640625
2020-01-23 00:00:00-05:00,78.06640625,77.84143829345703
2020-01-24 00:00:00-05:00,77.84143829345703,75.552490234375
2020-01-27 00:00:00-05:00,75.552490234375,77.6898193359375
2020-01-28 00:00:00-05:00,77.6898193359375,79.31605529785156
2020-01-29 00:00:00-05:00,79.31605529785156,79.20110321044922
2020-01-30 00:00:00-05:00,79.20110321044922,75.6894302368164
2020-01-31 00:00:00-05:00,75.6894302368164,75.48155212402344
2020-02-03 00:00:00-05:00,75.48155212402344,77.97350311279297
2020-02-04 00:00:00-05:00,77.97350311279297,78.60932159423828
2020-02-05 00:00:00-05:00,78.60932159423828,79.52880859375
2020-02-06 00:00:00-05:00,79.52880859375,78.44779205322266
2020-02-07 00:00:00-05:00,78.44779205322266,78.82038116455078
2020-02-10 00:00:00-05:00,78.82038116455078,78.34483337402344
2020-02-11 00:00:00-05:00,78.34483337402344,80.20535278320312
2020-02-12 00:00:00-05:00,80.20535278320312,79.63420867919922
2020-02-13 00:00:00-05:00,79.63420867919922,79.65380859375
2020-02-14 00:00:00-05:00,79.65380859375,78.1953353881836
2020-02-18 00:00:00-05:00,78.1953353881836,79.32779693603516
2020-02-19 00:00:00-05:00,79.32779693603516,78.51396942138672
2020-02-20 00:00:00-05:00,78.51396942138672,76.73680114746094
2020-02-21 00:00:00-05:00,76.73680114746094,73.09178924560547
2020-02-24 00:00:00-05:00,73.09178924560547,70.61600494384766
2020-02-25 00:00:00-05:00,70.61600494384766,71.73624420166016
2020-02-26 00:00:00-05:00,71.73624420166016,67.04696655273438
2020-02-27 00:00:00-05:00,67.04696655273438,67.00775146484375
2020-02-28 00:00:00-05:00,67.00775146484375,73.24620819091797
2020-03-02 00:00:00-05:00,73.24620819091797,70.91996002197266
2020-03-03 00:00:00-05:00,70.91996002197266,74.20954895019531
2020-03-04 00:00:00-05:00,74.20954895019531,71.80242156982422
2020-03-05 00:00:00-05:00,71.80242156982422,70.848876953125
2020-03-06 00:00:00-05:00,70.848876953125,65.24528503417969
2020-03-09 00:00:00-04:00,65.24528503417969,69.9443588256836
2020-03-10 00:00:00-04:00,69.9443588256836,67.51515197753906
2020-03-11 00:00:00-04:00,67.51515197753906,60.84770965576172
2020-03-12 00:00:00-04:00,60.84770965576172,68.13777923583984
2020-03-13 00:00:00-04:00,68.13777923583984,59.3720588684082
2020-03-16 00:00:00-04:00,59.3720588684082,61.98265838623047
2020-03-17 00:00:00-04:00,61.98265838623047,60.46532440185547
2020-03-18 00:00:00-04:00,60.46532440185547,60.002037048339844
2020-03-19 00:00:00-04:00,60.002037048339844,56.192779541015625
2020-03-20 00:00:00-04:00,56.192779541015625,54.99900436401367
2020-03-23 00:00:00-04:00,54.99900436401367,60.51679992675781
2020-03-24 00:00:00-04:00,60.51679992675781,60.183433532714844
2020-03-25 00:00:00-04:00,60.183433532714844,63.3504638671875
2020-03-26 00:00:00-04:00,63.3504638671875,60.72760772705078
2020-03-27 00:00:00-04:00,60.72760772705078,62.460655212402344
2020-03-30 00:00:00-04:00,62.460655212402344,62.33317565917969
2020-03-31 00:00:00-04:00,62.33317565917969,59.053401947021484
2020-04-01 00:00:00-04:00,59.053401947021484,60.03880310058594
2020-04-02 00:00:00-04:00,60.03880310058594,59.17596435546875
2020-04-03 00:00:00-04:00,59.17596435546875,64.33832550048828
2020-04-06 00:00:00-04:00,64.33832550048828,63.59313201904297
2020-04-07 00:00:00-04:00,63.59313201904297,65.22078704833984
2020-04-08 00:00:00-04:00,65.22078704833984,65.69142150878906
2020-04-09 00:00:00-04:00,65.69142150878906,66.98077392578125
2020-04-13 00:00:00-04:00,66.98077392578125,70.36351776123047
2020-04-14 00:00:00-04:00,70.36351776123047,69.72130584716797
2020-04-15 00:00:00-04:00,69.72130584716797,70.27527618408203
2020-04-16 00:00:00-04:00,70.27527618408203,69.32173156738281
2020-04-17 00:00:00-04:00,69.32173156738281,67.88285064697266
2020-04-20 00:00:00-04:00,67.88285064697266,65.78457641601562
2020-04-21 00:00:00-04:00,65.78457641601562,67.67940521240234
2020-04-22 00:00:00-04:00,67.67940521240234,67.41710662841797
2020-04-23 00:00:00-04:00,67.41710662841797,69.36341094970703
2020-04-24 00:00:00-04:00,69.36341094970703,69.41244506835938
2020-04-27 00:00:00-04:00,69.41244506835938,68.28730010986328
2020-04-28 00:00:00-04:00,68.28730010986328,70.53021240234375
2020-04-29 00:00:00-04:00,70.53021240234375,72.01811981201172
2020-04-30 00:00:00-04:00,72.01811981201172,70.85868835449219
2020-05-01 00:00:00-04:00,70.85868835449219,71.86125946044922
2020-05-04 00:00:00-04:00,71.86125946044922,72.9398193359375
2020-05-05 00:00:00-04:00,72.9398193359375,73.69234466552734
2020-05-06 00:00:00-04:00,73.69234466552734,74.45470428466797
2020-05-07 00:00:00-04:00,74.45470428466797,76.22684478759766
2020-05-08 00:00:00-04:00,76.22684478759766,77.42628479003906
2020-05-11 00:00:00-04:00,77.42628479003906,76.54144287109375
2020-05-12 00:00:00-04:00,76.54144287109375,75.61727142333984
2020-05-13 00:00:00-04:00,75.61727142333984,76.08181762695312
2020-05-14 00:00:00-04:00,76.08181762695312,75.63202667236328
2020-05-15 00:00:00-04:00,75.63202667236328,77.41398620605469
2020-05-18 00:00:00-04:00,77.41398620605469,76.96666717529297
2020-05-19 00:00:00-04:00,76.96666717529297,78.4635009765625
2020-05-20 00:00:00-04:00,78.4635009765625,77.87853240966797
2020-05-21 00:00:00-04:00,77.87853240966797,78.37995147705078
2020-05-22 00:00:00-04:00,78.37995147705078,77.84903717041016
2020-05-26 00:00:00-04:00,77.84903717041016,78.18821716308594
2020-05-27 00:00:00-04:00,78.18821716308594,78.22264862060547
2020-05-28 00:00:00-04:00,78.22264862060547,78.14643859863281
2020-05-29 00:00:00-04:00,78.14643859863281,79.10749053955078
2020-06-01 00:00:00-04:00,79.10749053955078,79.47370910644531
2020-06-02 00:00:00-04:00,79.47370910644531,79.91122436523438
2020-06-03 00:00:00-04:00,79.91122436523438,79.22301483154297
2020-06-04 00:00:00-04:00,79.22301483154297,81.47935485839844
2020-06-05 00:00:00-04:00,81.47935485839844,81.96110534667969
2020-06-08 00:00:00-04:00,81.96110534667969,84.54927825927734
2020-06-09 00:00:00-04:00,84.54927825927734,86.72452545166016
2020-06-10 00:00:00-04:00,86.72452545166016,82.56082916259766
2020-06-11 00:00:00-04:00,82.56082916259766,83.27361297607422
2020-06-12 00:00:00-04:00,83.27361297607422,84.30348205566406
2020-06-15 00:00:00-04:00,84.30348205566406,86.53770446777344
2020-06-16 00:00:00-04:00,86.53770446777344,86.41727447509766
2020-06-17 00:00:00-04:00,86.41727447509766,86.4516830444336
2020-06-18 00:00:00-04:00,86.4516830444336,85.95764923095703
2020-06-19 00:00:00-04:00,85.95764923095703,88.20663452148438
2020-06-22 00:00:00-04:00,88.20663452148438,90.08938598632812
2020-06-23 00:00:00-04:00,90.08938598632812,88.49913024902344
2020-06-24 00:00:00-04:00,88.49913024902344,89.67399597167969
2020-06-25 00:00:00-04:00,89.67399597167969,86.91868591308594
2020-06-26 00:00:00-04:00,86.91868591308594,88.9218978881836
2020-06-29 00:00:00-04:00,88.9218978881836,89.66415405273438
2020-06-30 00:00:00-04:00,89.66415405273438,89.49456787109375
2020-07-01 00:00:00-04:00,89.49456787109375,89.49456787109375
2020-07-02 00:00:00-04:00,89.49456787109375,91.88858795166016
2020-07-06 00:00:00-04:00,91.88858795166016,91.60345458984375
2020-07-07 00:00:00-04:00,91.60345458984375,93.73690032958984
2020-07-08 00:00:00-04:00,93.73690032958984,94.1399917602539
2020-07-09 00:00:00-04:00,94.1399917602539,94.3046875
2020-07-10 00:00:00-04:00,94.3046875,93.86962127685547
2020-07-13 00:00:00-04:00,93.86962127685547,95.42302703857422
2020-07-14 00:00:00-04:00,95.42302703857422,96.07926940917969
2020-07-15 00:00:00-04:00,96.07926940917969,94.89703369140625
2020-07-16 00:00:00-04:00,94.89703369140625,94.70530700683594
2020-07-17 00:00:00-04:00,94.70530700683594,96.70112609863281
2020-07-20 00:00:00-04:00,96.70112609863281,95.36650085449219
2020-07-21 00:00:00-04:00,95.36650085449219,95.63439178466797
2020-07-22 00:00:00-04:00,95.63439178466797,91.2814712524414
2020-07-23 00:00:00-04:00,91.2814712524414,91.05533599853516
2020-07-24 00:00:00-04:00,91.05533599853516,93.21337890625
2020-07-27 00:00:00-04:00,93.21337890625,91.6821060180664
2020-07-28 00:00:00-04:00,91.6821060180664,93.43951416015625
2020-07-29 00:00:00-04:00,93.43951416015625,94.57013702392578
2020-07-30 00:00:00-04:00,94.57013702392578,104.47055053710938
2020-07-31 00:00:00-04:00,104.47055053710938,107.10296630859375
2020-08-03 00:00:00-04:00,107.10296630859375,107.81820678710938
2020-08-04 00:00:00-04:00,107.81820678710938,108.20903015136719
2020-08-05 00:00:00-04:00,108.20903015136719,111.98432922363281
2020-08-06 00:00:00-04:00,111.98432922363281,109.43830108642578
2020-08-07 00:00:00-04:00,109.43830108642578,111.02896118164062
2020-08-10 00:00:00-04:00,111.02896118164062,107.72698211669922
2020-08-11 00:00:00-04:00,107.72698211669922,111.30720520019531
2020-08-12 00:00:00-04:00,111.30720520019531,113.2770767211914
2020-08-13 00:00:00-04:00,113.2770767211914,113.1761245727539
2020-08-14 00:00:00-04:00,113.1761245727539,112.8806381225586
2020-08-17 00:00:00-04:00,112.8806381225586,113.82125854492188
2020-08-18 00:00:00-04:00,113.82125854492188,113.96405792236328
2020-08-19 00:00:00-04:00,113.96405792236328,116.49288177490234
2020-08-20 00:00:00-04:00,116.49288177490234,122.49604034423828
2020-08-21 00:00:00-04:00,122.49604034423828,123.96112060546875
2020-08-24 00:00:00-04:00,123.96112060546875,122.94416809082031
2020-08-25 00:00:00-04:00,122.94416809082031,124.6161117553711
2020-08-26 00:00:00-04:00,124.6161117553711,123.12639617919922
2020-08-27 00:00:00-04:00,123.12639617919922,122.92696380615234
2020-08-28 00:00:00-04:00,122.92696380615234,127.09567260742188
2020-08-31 00:00:00-04:00,127.09567260742188,132.15818786621094
2020-09-01 00:00:00-04:00,132.15818786621094,129.4200897216797
2020-09-02 00:00:00-04:00,129.4200897216797,119.05862426757812
2020-09-03 00:00:00-04:00,119.05862426757812,119.13742065429688
2020-09-04 00:00:00-04:00,119.13742065429688,111.12005615234375
2020-09-08 00:00:00-04:00,111.12005615234375,115.5522689819336
2020-09-09 00:00:00-04:00,115.5522689819336,111.77996826171875
2020-09-10 00:00:00-04:00,111.77996826171875,110.31241607666016
2020-09-11 00:00:00-04:00,110.31241607666016,113.62178802490234
2020-09-14 00:00:00-04:00,113.62178802490234,113.79907989501953
2020-09-15 00:00:00-04:00,113.79907989501953,110.4404525756836
2020-09-16 00:00:00-04:00,110.4404525756836,108.67744445800781
2020-09-17 00:00:00-04:00,108.67744445800781,105.23017883300781
2020-09-18 00:00:00-04:00,105.23017883300781,108.42135620117188
2020-09-21 00:00:00-04:00,108.42135620117188,110.12528991699219
2020-09-22 00:00:00-04:00,110.12528991699219,105.5059585571289
2020-09-23 00:00:00-04:00,105.5059585571289,106.5893783569336
2020-09-24 00:00:00-04:00,106.5893783569336,110.58821105957031
2020-09-25 00:00:00-04:00,110.58821105957031,113.22781372070312
2020-09-28 00:00:00-04:00,113.22781372070312,112.37091827392578
2020-09-29 00:00:00-04:00,112.37091827392578,114.06501007080078
2020-09-30 00:00:00-04:00,114.06501007080078,115.03025817871094
2020-10-01 00:00:00-04:00,115.03025817871094,111.3170394897461
2020-10-02 00:00:00-04:00,111.3170394897461,114.74462127685547
2020-10-05 00:00:00-04:00,114.74462127685547,111.4549331665039
2020-10-06 00:00:00-04:00,111.4549331665039,113.34602355957031
2020-10-07 00:00:00-04:00,113.34602355957031,113.2376708984375
2020-10-08 00:00:00-04:00,113.2376708984375,115.2075424194336
2020-10-09 00:00:00-04:00,115.2075424194336,122.52558898925781
2020-10-12 00:00:00-04:00,122.52558898925781,119.27530670166016
2020-10-13 00:00:00-04:00,119.27530670166016,119.36395263671875
2020-10-14 00:00:00-04:00,119.36395263671875,118.89118194580078
2020-10-15 00:00:00-04:00,118.89118194580078,117.22664642333984
2020-10-16 00:00:00-04:00,117.22664642333984,114.23247528076172
2020-10-19 00:00:00-04:00,114.23247528076172,115.73941040039062
2020-10-20 00:00:00-04:00,115.73941040039062,115.10903930664062
2020-10-21 00:00:00-04:00,115.10903930664062,114.00592803955078
2020-10-22 00:00:00-04:00,114.00592803955078,113.3066177368164
2020-10-23 00:00:00-04:00,113.3066177368164,113.31646728515625
2020-10-26 00:00:00-04:00,113.31646728515625,114.84310913085938
2020-10-27 00:00:00-04:00,114.84310913085938,109.52445983886719
2020-10-28 00:00:00-04:00,109.52445983886719,113.58238983154297
2020-10-29 00:00:00-04:00,113.58238983154297,107.21974182128906
2020-10-30 00:00:00-04:00,107.21974182128906,107.13108825683594
2020-11-02 00:00:00-05:00,107.13108825683594,108.77593231201172
2020-11-03 00:00:00-05:00,108.77593231201172,113.21797180175781
2020-11-04 00:00:00-05:00,113.21797180175781,117.23649597167969
2020-11-05 00:00:00-05:00,117.23649597167969,117.10330963134766
2020-11-06 00:00:00-05:00,117.10330963134766,114.76498413085938
2020-11-09 00:00:00-05:00,114.76498413085938,114.41967010498047
2020-11-10 00:00:00-05:00,114.41967010498047,117.89261627197266
2020-11-11 00:00:00-05:00,117.89261627197266,117.61636352539062
2020-11-12 00:00:00-05:00,117.61636352539062,117.66569519042969
2020-11-13 00:00:00-05:00,117.66569519042969,118.69178009033203
2020-11-16 00:00:00-05:00,118.69178009033203,117.79395294189453
2020-11-17 00:00:00-05:00,117.79395294189453,116.45213317871094
2020-11-18 00:00:00-05:00,116.45213317871094,117.05397033691406
2020-11-19 00:00:00-05:00,117.05397033691406,115.77135467529297
2020-11-20 00:00:00-05:00,115.77135467529297,112.3280029296875
2020-11-23 00:00:00-05:00,112.3280029296875,113.63037109375
2020-11-24 00:00:00-05:00,113.63037109375,114.4788589477539
2020-11-25 00:00:00-05:00,114.4788589477539,115.0313720703125
2020-11-27 00:00:00-05:00,115.0313720703125,117.45849609375
2020-11-30 00:00:00-05:00,117.45849609375,121.07942962646484
2020-12-01 00:00:00-05:00,121.07942962646484,121.43462371826172
2020-12-02 00:00:00-05:00,121.43462371826172,121.29649353027344
2020-12-03 00:00:00-05:00,121.29649353027344,120.61572265625
2020-12-04 00:00:00-05:00,120.61572265625,122.09565734863281
2020-12-07 00:00:00-05:00,122.09565734863281,122.71723175048828
2020-12-08 00:00:00-05:00,122.71723175048828,120.15200805664062
2020-12-09 00:00:00-05:00,120.15200805664062,121.59248352050781
2020-12-10 00:00:00-05:00,121.59248352050781,120.7735824584961
2020-12-11 00:00:00-05:00,120.7735824584961,120.15200805664062
2020-12-14 00:00:00-05:00,120.15200805664062,126.17044830322266
2020-12-15 00:00:00-05:00,126.17044830322266,126.10140228271484
2020-12-16 00:00:00-05:00,126.10140228271484,126.97948455810547
2020-12-17 00:00:00-05:00,126.97948455810547,124.96676635742188
2020-12-18 00:00:00-05:00,124.96676635742188,126.5157699584961
2020-12-21 00:00:00-05:00,126.5157699584961,130.11697387695312
2020-12-22 00:00:00-05:00,130.11697387695312,129.2093048095703
2020-12-23 00:00:00-05:00,129.2093048095703,130.20574951171875
2020-12-24 00:00:00-05:00,130.20574951171875,134.8626708984375
2020-12-28 00:00:00-05:00,134.8626708984375,133.06700134277344
2020-12-29 00:00:00-05:00,133.06700134277344,131.932373046875
2020-12-30 00:00:00-05:00,131.932373046875,130.91615295410156
2020-12-31 00:00:00-05:00,130.91615295410156,127.68000793457031
2021-01-04 00:00:00-05:00,127.68000793457031,129.2586212158203
2021-01-05 00:00:00-05:00,129.2586212158203,124.9075698852539
2021-01-06 00:00:00-05:00,124.9075698852539,129.1697998046875
2021-01-07 00:00:00-05:00,129.1697998046875,130.28472900390625
2021-01-08 00:00:00-05:00,130.28472900390625,127.2557373046875
2021-01-11 00:00:00-05:00,127.2557373046875,127.07818603515625
2021-01-12 00:00:00-05:00,127.07818603515625,129.1402130126953
2021-01-13 00:00:00-05:00,129.1402130126953,127.18668365478516
2021-01-14 00:00:00-05:00,127.18668365478516,125.44034576416016
2021-01-15 00:00:00-05:00,125.44034576416016,126.12112426757812
2021-01-19 00:00:00-05:00,126.12112426757812,130.26498413085938
2021-01-20 00:00:00-05:00,130.26498413085938,135.04026794433594
2021-01-21 00:00:00-05:00,135.04026794433594,137.2108612060547
2021-01-22 00:00:00-05:00,137.2108612060547,141.00938415527344
2021-01-25 00:00:00-05:00,141.00938415527344,141.24618530273438
2021-01-26 00:00:00-05:00,141.24618530273438,140.160888671875
2021-01-27 00:00:00-05:00,140.160888671875,135.25732421875
2021-01-28 00:00:00-05:00,135.25732421875,130.19589233398438
2021-01-29 00:00:00-05:00,130.19589233398438,132.34677124023438
2021-02-01 00:00:00-05:00,132.34677124023438,133.18539428710938
2021-02-02 00:00:00-05:00,133.18539428710938,132.14942932128906
2021-02-03 00:00:00-05:00,132.14942932128906,135.5532989501953
2021-02-04 00:00:00-05:00,135.5532989501953,135.1333770751953
2021-02-05 00:00:00-05:00,135.1333770751953,135.28158569335938
2021-02-08 00:00:00-05:00,135.28158569335938,134.3922882080078
2021-02-09 00:00:00-05:00,134.3922882080078,133.7796630859375
2021-02-10 00:00:00-05:00,133.7796630859375,133.5227508544922
2021-02-11 00:00:00-05:00,133.5227508544922,133.7598876953125
2021-02-12 00:00:00-05:00,133.7598876953125,131.60585021972656
2021-02-16 00:00:00-05:00,131.60585021972656,129.28378295898438
2021-02-17 00:00:00-05:00,129.28378295898438,128.167236328125
2021-02-18 00:00:00-05:00,128.167236328125,128.32528686523438
2021-02-19 00:00:00-05:00,128.32528686523438,124.50135803222656
2021-02-22 00:00:00-05:00,124.50135803222656,124.36302947998047
2021-02-23 00:00:00-05:00,124.36302947998047,123.85907745361328
2021-02-24 00:00:00-05:00,123.85907745361328,119.55094146728516
2021-02-25 00:00:00-05:00,119.55094146728516,119.81774139404297
2021-02-26 00:00:00-05:00,119.81774139404297,126.27005767822266
2021-03-01 00:00:00-05:00,126.27005767822266,123.6318130493164
2021-03-02 00:00:00-05:00,123.6318130493164,120.60819244384766
2021-03-03 00:00:00-05:00,120.60819244384766,118.701171875
2021-03-04 00:00:00-05:00,118.701171875,119.97581481933594
2021-03-05 00:00:00-05:00,119.97581481933594,114.97601318359375
2021-03-08 00:00:00-05:00,114.97601318359375,119.64974212646484
2021-03-09 00:00:00-05:00,119.64974212646484,118.5529556274414
2021-03-10 00:00:00-05:00,118.5529556274414,120.50939178466797
2021-03-11 00:00:00-05:00,120.50939178466797,119.59046173095703
2021-03-12 00:00:00-05:00,119.59046173095703,122.51526641845703
2021-03-15 00:00:00-04:00,122.51526641845703,124.07646179199219
2021-03-16 00:00:00-04:00,124.07646179199219,123.27610778808594
2021-03-17 00:00:00-04:00,123.27610778808594,119.09640502929688
2021-03-18 00:00:00-04:00,119.09640502929688,118.56282043457031
2021-03-19 00:00:00-04:00,118.56282043457031,121.92240142822266
2021-03-22 00:00:00-04:00,121.92240142822266,121.08251953125
2021-03-23 00:00:00-04:00,121.08251953125,118.66163635253906
2021-03-24 00:00:00-04:00,118.66163635253906,119.15568542480469
2021-03-25 00:00:00-04:00,119.15568542480469,119.76831817626953
2021-03-26 00:00:00-04:00,119.76831817626953,119.94618225097656
2021-03-29 00:00:00-04:00,119.94618225097656,118.47391510009766
2021-03-30 00:00:00-04:00,118.47391510009766,120.69713592529297
2021-03-31 00:00:00-04:00,120.69713592529297,121.53704071044922
2021-04-01 00:00:00-04:00,121.53704071044922,124.40254974365234
2021-04-05 00:00:00-04:00,124.40254974365234,124.70884704589844
2021-04-06 00:00:00-04:00,124.70884704589844,126.37874603271484
2021-04-07 00:00:00-04:00,126.37874603271484,128.80950927734375
2021-04-08 00:00:00-04:00,128.80950927734375,131.4180908203125
2021-04-09 00:00:00-04:00,131.4180908203125,129.67904663085938
2021-04-12 00:00:00-04:00,129.67904663085938,132.83108520507812
2021-04-13 00:00:00-04:00,132.83108520507812,130.4596405029297
2021-04-14 00:00:00-04:00,130.4596405029297,132.90025329589844
2021-04-15 00:00:00-04:00,132.90025329589844,132.56430053710938
2021-04-16 00:00:00-04:00,132.56430053710938,133.23619079589844
2021-04-19 00:00:00-04:00,133.23619079589844,131.52679443359375
2021-04-20 00:00:00-04:00,131.52679443359375,131.91213989257812
2021-04-21 00:00:00-04:00,131.91213989257812,130.37071228027344
2021-04-22 00:00:00-04:00,130.37071228027344,132.7223663330078
2021-04-23 00:00:00-04:00,132.7223663330078,133.11764526367188
2021-04-26 00:00:00-04:00,133.11764526367188,132.79156494140625
2021-04-27 00:00:00-04:00,132.79156494140625,131.99118041992188
2021-04-28 00:00:00-04:00,131.99118041992188,131.89239501953125
2021-04-29 00:00:00-04:00,131.89239501953125,129.89642333984375
2021-04-30 00:00:00-04:00,129.89642333984375,130.96356201171875
2021-05-03 00:00:00-04:00,130.96356201171875,126.329345703125
2021-05-04 00:00:00-04:00,126.329345703125,126.5763931274414
2021-05-05 00:00:00-04:00,126.5763931274414,128.1968536376953
2021-05-06 00:00:00-04:00,128.1968536376953,128.87985229492188
2021-05-07 00:00:00-04:00,128.87985229492188,125.55413818359375
2021-05-10 00:00:00-04:00,125.55413818359375,124.62374877929688
2021-05-11 00:00:00-04:00,124.62374877929688,121.51582336425781
2021-05-12 00:00:00-04:00,121.51582336425781,123.69335174560547
2021-05-13 00:00:00-04:00,123.69335174560547,126.14801788330078
2021-05-14 00:00:00-04:00,126.14801788330078,124.98006439208984
2021-05-17 00:00:00-04:00,124.98006439208984,123.5745849609375
2021-05-18 00:00:00-04:00,123.5745849609375,123.41621398925781
2021-05-19 00:00:00-04:00,123.41621398925781,126.00944519042969
2021-05-20 00:00:00-04:00,126.00944519042969,124.14865112304688
2021-05-21 00:00:00-04:00,124.14865112304688,125.80158996582031
2021-05-24 00:00:00-04:00,125.80158996582031,125.6036376953125
2021-05-25 00:00:00-04:00,125.6036376953125,125.55413818359375
2021-05-26 00:00:00-04:00,125.55413818359375,124.00017547607422
2021-05-27 00:00:00-04:00,124.00017547607422,123.33702850341797
2021-05-28 00:00:00-04:00,123.33702850341797,123.01039123535156
2021-06-01 00:00:00-04:00,123.01039123535156,123.78241729736328
2021-06-02 00:00:00-04:00,123.78241729736328,122.27796173095703
2021-06-03 00:00:00-04:00,122.27796173095703,124.60395050048828
2021-06-04 00:00:00-04:00,124.60395050048828,124.61384582519531
2021-06-07 00:00:00-04:00,124.61384582519531,125.44526672363281
2021-06-08 00:00:00-04:00,125.44526672363281,125.83126831054688
2021-06-09 00:00:00-04:00,125.83126831054688,124.82169342041016
2021-06-10 00:00:00-04:00,124.82169342041016,126.04903411865234
2021-06-11 00:00:00-04:00,126.04903411865234,129.1470489501953
2021-06-14 00:00:00-04:00,129.1470489501953,128.31561279296875
2021-06-15 00:00:00-04:00,128.31561279296875,128.82041931152344
2021-06-16 00:00:00-04:00,128.82041931152344,130.44366455078125
2021-06-17 00:00:00-04:00,130.44366455078125,129.12725830078125
2021-06-18 00:00:00-04:00,129.12725830078125,130.94847106933594
2021-06-21 00:00:00-04:00,130.94847106933594,132.6112823486328
2021-06-22 00:00:00-04:00,132.6112823486328,132.3341827392578
2021-06-23 00:00:00-04:00,132.3341827392578,132.04713439941406
2021-06-24 00:00:00-04:00,132.04713439941406,131.7501983642578
2021-06-25 00:00:00-04:00,131.7501983642578,133.4031219482422
2021-06-28 00:00:00-04:00,133.4031219482422,134.93728637695312
2021-06-29 00:00:00-04:00,134.93728637695312,135.56088256835938
2021-06-30 00:00:00-04:00,135.56088256835938,135.86770629882812
2021-07-01 00:00:00-04:00,135.86770629882812,138.5302276611328
2021-07-02 00:00:00-04:00,138.5302276611328,140.5691680908203
2021-07-06 00:00:00-04:00,140.5691680908203,143.0931396484375
2021-07-07 00:00:00-04:00,143.0931396484375,141.77670288085938
2021-07-08 00:00:00-04:00,141.77670288085938,143.62759399414062
2021-07-09 00:00:00-04:00,143.62759399414062,143.0238494873047
2021-07-12 00:00:00-04:00,143.0238494873047,144.15219116210938
2021-07-13 00:00:00-04:00,144.15219116210938,147.62631225585938
2021-07-14 00:00:00-04:00,147.62631225585938,146.96316528320312
2021-07-15 00:00:00-04:00,146.96316528320312,144.89454650878906
2021-07-16 00:00:00-04:00,144.89454650878906,140.99476623535156
2021-07-19 00:00:00-04:00,140.99476623535156,144.656982421875
2021-07-20 00:00:00-04:00,144.656982421875,143.91464233398438
2021-07-21 00:00:00-04:00,143.91464233398438,145.3003387451172
2021-07-22 00:00:00-04:00,145.3003387451172,147.0423583984375
2021-07-23 00:00:00-04:00,147.0423583984375,147.46795654296875
2021-07-26 00:00:00-04:00,147.46795654296875,145.2706298828125
2021-07-27 00:00:00-04:00,145.2706298828125,143.49893188476562
2021-07-28 00:00:00-04:00,143.49893188476562,144.15219116210938
2021-07-29 00:00:00-04:00,144.15219116210938,144.36993408203125
2021-07-30 00:00:00-04:00,144.36993408203125,144.03343200683594
2021-08-02 00:00:00-04:00,144.03343200683594,145.85462951660156
2021-08-03 00:00:00-04:00,145.85462951660156,145.44879150390625
2021-08-04 00:00:00-04:00,145.44879150390625,145.55767822265625
2021-08-05 00:00:00-04:00,145.55767822265625,144.86378479003906
2021-08-06 00:00:00-04:00,144.86378479003906,144.81423950195312
2021-08-09 00:00:00-04:00,144.81423950195312,144.32852172851562
2021-08-10 00:00:00-04:00,144.32852172851562,144.58624267578125
2021-08-11 00:00:00-04:00,144.58624267578125,147.5897674560547
2021-08-12 00:00:00-04:00,147.5897674560547,147.79795837402344
2021-08-13 00:00:00-04:00,147.79795837402344,149.80029296875
2021-08-16 00:00:00-04:00,149.80029296875,148.87843322753906
2021-08-17 00:00:00-04:00,148.87843322753906,145.08187866210938
2021-08-18 00:00:00-04:00,145.08187866210938,145.41891479492188
2021-08-19 00:00:00-04:00,145.41891479492188,146.89590454101562
2021-08-20 00:00:00-04:00,146.89590454101562,148.4026336669922
2021-08-23 00:00:00-04:00,148.4026336669922,148.31338500976562
2021-08-24 00:00:00-04:00,148.31338500976562,147.0644073486328
2021-08-25 00:00:00-04:00,147.0644073486328,146.25157165527344
2021-08-26 00:00:00-04:00,146.25157165527344,147.30230712890625
2021-08-27 00:00:00-04:00,147.30230712890625,151.78285217285156
2021-08-30 00:00:00-04:00,151.78285217285156,150.5041046142578
2021-08-31 00:00:00-04:00,150.5041046142578,151.17816162109375
2021-09-01 00:00:00-04:00,151.17816162109375,152.3082275390625
2021-09-02 00:00:00-04:00,152.3082275390625,152.95254516601562
2021-09-03 00:00:00-04:00,152.95254516601562,155.32168579101562
2021-09-07 00:00:00-04:00,155.32168579101562,153.75546264648438
2021-09-08 00:00:00-04:00,153.75546264648438,152.72454833984375
2021-09-09 00:00:00-04:00,152.72454833984375,147.66909790039062
2021-09-10 00:00:00-04:00,147.66909790039062,148.2440185546875
2021-09-13 00:00:00-04:00,148.2440185546875,146.8264923095703
2021-09-14 00:00:00-04:00,146.8264923095703,147.7285614013672
2021-09-15 00:00:00-04:00,147.7285614013672,147.49066162109375
2021-09-16 00:00:00-04:00,147.49066162109375,144.78451538085938
2021-09-17 00:00:00-04:00,144.78451538085938,141.6917724609375
2021-09-20 00:00:00-04:00,141.6917724609375,142.1774444580078
2021-09-21 00:00:00-04:00,142.1774444580078,144.57635498046875
2021-09-22 00:00:00-04:00,144.57635498046875,145.54779052734375
2021-09-23 00:00:00-04:00,145.54779052734375,145.63697814941406
2021-09-24 00:00:00-04:00,145.63697814941406,144.1005096435547
2021-09-27 00:00:00-04:00,144.1005096435547,140.67074584960938
2021-09-28 00:00:00-04:00,140.67074584960938,141.5827178955078
2021-09-29 00:00:00-04:00,141.5827178955078,140.2643280029297
2021-09-30 00:00:00-04:00,140.2643280029297,141.40426635742188
2021-10-01 00:00:00-04:00,141.40426635742188,137.92494201660156
2021-10-04 00:00:00-04:00,137.92494201660156,139.87771606445312
2021-10-05 00:00:00-04:00,139.87771606445312,140.75997924804688
2021-10-06 00:00:00-04:00,140.75997924804688,142.03866577148438
2021-10-07 00:00:00-04:00,142.03866577148438,141.65206909179688
2021-10-08 00:00:00-04:00,141.65206909179688,141.5628662109375
2021-10-11 00:00:00-04:00,141.5628662109375,140.27423095703125
2021-10-12 00:00:00-04:00,140.27423095703125,139.67947387695312
2021-10-13 00:00:00-04:00,139.67947387695312,142.50457763671875
2021-10-14 00:00:00-04:00,142.50457763671875,143.5751495361328
2021-10-15 00:00:00-04:00,143.5751495361328,145.27020263671875
2021-10-18 00:00:00-04:00,145.27020263671875,147.46092224121094
2021-10-19 00:00:00-04:00,147.46092224121094,147.95652770996094
2021-10-20 00:00:00-04:00,147.95652770996094,148.1746368408203
2021-10-21 00:00:00-04:00,148.1746368408203,147.39154052734375
2021-10-22 00:00:00-04:00,147.39154052734375,147.3419647216797
2021-10-25 00:00:00-04:00,147.3419647216797,148.0160369873047
2021-10-26 00:00:00-04:00,148.0160369873047,147.55014038085938
2021-10-27 00:00:00-04:00,147.55014038085938,151.23765563964844
2021-10-28 00:00:00-04:00,151.23765563964844,148.49183654785156
2021-10-29 00:00:00-04:00,148.49183654785156,147.6591796875
2021-11-01 00:00:00-04:00,147.6591796875,148.70993041992188
2021-11-02 00:00:00-04:00,148.70993041992188,150.16708374023438
2021-11-03 00:00:00-04:00,150.16708374023438,149.64170837402344
2021-11-04 00:00:00-04:00,149.64170837402344,150.1777801513672
2021-11-05 00:00:00-04:00,150.1777801513672,149.34388732910156
2021-11-08 00:00:00-05:00,149.34388732910156,149.71119689941406
2021-11-09 00:00:00-05:00,149.71119689941406,146.84226989746094
2021-11-10 00:00:00-05:00,146.84226989746094,146.79261779785156
2021-11-11 00:00:00-05:00,146.79261779785156,148.89718627929688
2021-11-12 00:00:00-05:00,148.89718627929688,148.90711975097656
2021-11-15 00:00:00-05:00,148.90711975097656,149.89981079101562
2021-11-16 00:00:00-05:00,149.89981079101562,152.37167358398438
2021-11-17 00:00:00-05:00,152.37167358398438,156.71974182128906
2021-11-18 00:00:00-05:00,156.71974182128906,159.38021850585938
2021-11-19 00:00:00-05:00,159.38021850585938,159.84681701660156
2021-11-22 00:00:00-05:00,159.84681701660156,160.23397827148438
2021-11-23 00:00:00-05:00,160.23397827148438,160.7601318359375
2021-11-24 00:00:00-05:00,160.7601318359375,155.66748046875
2021-11-26 00:00:00-05:00,155.66748046875,159.07247924804688
2021-11-29 00:00:00-05:00,159.07247924804688,164.09564208984375
2021-11-30 00:00:00-05:00,164.09564208984375,163.5695037841797
2021-12-01 00:00:00-05:00,163.5695037841797,162.5668487548828
2021-12-02 00:00:00-05:00,162.5668487548828,160.66082763671875
2021-12-03 00:00:00-05:00,160.66082763671875,164.115478515625
2021-12-06 00:00:00-05:00,164.115478515625,169.93276977539062
2021-12-07 00:00:00-05:00,169.93276977539062,173.8043670654297
2021-12-08 00:00:00-05:00,173.8043670654297,173.28814697265625
2021-12-09 00:00:00-05:00,173.28814697265625,178.14251708984375
2021-12-10 00:00:00-05:00,178.14251708984375,174.45956420898438
2021-12-13 00:00:00-05:00,174.45956420898438,173.05982971191406
2021-12-14 00:00:00-05:00,173.05982971191406,177.99363708496094
2021-12-15 00:00:00-05:00,177.99363708496094,171.00489807128906
2021-12-16 00:00:00-05:00,171.00489807128906,169.89305114746094
2021-12-17 00:00:00-05:00,169.89305114746094,168.51321411132812
2021-12-20 00:00:00-05:00,168.51321411132812,171.72958374023438
2021-12-21 00:00:00-05:00,171.72958374023438,174.36029052734375
2021-12-22 00:00:00-05:00,174.36029052734375,174.99562072753906
2021-12-23 00:00:00-05:00,174.99562072753906,179.01612854003906
2021-12-27 00:00:00-05:00,179.01612854003906,177.98370361328125
2021-12-28 00:00:00-05:00,177.98370361328125,
