Date,SMA,RSI
2019-05-04 23:18:00.707956,0,50
2019-05-05 23:18:00.707956,10,52
2019-05-06 23:18:00.707956,20,54
2019-05-07 23:18:00.707956,30,56
2019-05-08 23:18:00.707956,40,58
2019-05-09 23:18:00.707956,50,60
2019-05-10 23:18:00.707956,60,62
2019-05-11 23:18:00.707956,70,64
2019-05-12 23:18:00.707956,80,66
2019-05-13 23:18:00.707956,90,68
2019-05-14 23:18:00.707956,100,70
2019-05-15 23:18:00.707956,110,72
2019-05-16 23:18:00.707956,120,74
2019-05-17 23:18:00.707956,130,76
2019-05-18 23:18:00.707956,140,78
2019-05-19 23:18:00.707956,150,80
2019-05-20 23:18:00.707956,160,82
2019-05-21 23:18:00.707956,170,84
2019-05-22 23:18:00.707956,180,86
2019-05-23 23:18:00.707956,190,88
2019-05-24 23:18:00.707956,200,90
2019-05-25 23:18:00.707956,210,92
2019-05-26 23:18:00.707956,220,94
2019-05-27 23:18:00.707956,230,96
2019-05-28 23:18:00.707956,240,98
2019-05-29 23:18:00.707956,250,100
2019-05-30 23:18:00.707956,260,102
2019-05-31 23:18:00.707956,270,104
2019-06-01 23:18:00.707956,280,106
2019-06-02 23:18:00.707956,290,108
2019-06-03 23:18:00.707956,300,110
2019-06-04 23:18:00.707956,310,112
2019-06-05 23:18:00.707956,320,114
2019-06-06 23:18:00.707956,330,116
2019-06-07 23:18:00.707956,340,118
2019-06-08 23:18:00.707956,350,120
2019-06-09 23:18:00.707956,360,122
2019-06-10 23:18:00.707956,370,124
2019-06-11 23:18:00.707956,380,126
2019-06-12 23:18:00.707956,390,128
2019-06-13 23:18:00.707956,400,130
2019-06-14 23:18:00.707956,410,132
2019-06-15 23:18:00.707956,420,134
2019-06-16 23:18:00.707956,430,136
2019-06-17 23:18:00.707956,440,138
2019-06-18 23:18:00.707956,450,140
2019-06-19 23:18:00.707956,460,142
2019-06-20 23:18:00.707956,470,144
2019-06-21 23:18:00.707956,480,146
2019-06-22 23:18:00.707956,490,148
2019-06-23 23:18:00.707956,500,150
2019-06-24 23:18:00.707956,510,152
2019-06-25 23:18:00.707956,520,154
2019-06-26 23:18:00.707956,530,156
2019-06-27 23:18:00.707956,540,158
2019-06-28 23:18:00.707956,550,160
2019-06-29 23:18:00.707956,560,162
2019-06-30 23:18:00.707956,570,164
2019-07-01 23:18:00.707956,580,166
2019-07-02 23:18:00.707956,590,168
2019-07-03 23:18:00.707956,600,170
2019-07-04 23:18:00.707956,610,172
2019-07-05 23:18:00.707956,620,174
2019-07-06 23:18:00.707956,630,176
2019-07-07 23:18:00.707956,640,178
2019-07-08 23:18:00.707956,650,180
2019-07-09 23:18:00.707956,660,182
2019-07-10 23:18:00.707956,670,184
2019-07-11 23:18:00.707956,680,186
2019-07-12 23:18:00.707956,690,188
2019-07-13 23:18:00.707956,700,190
2019-07-14 23:18:00.707956,710,192
2019-07-15 23:18:00.707956,720,194
2019-07-16 23:18:00.707956,730,196
2019-07-17 23:18:00.707956,740,198
2019-07-18 23:18:00.707956,750,200
2019-07-19 23:18:00.707956,760,202
2019-07-20 23:18:00.707956,770,204
2019-07-21 23:18:00.707956,780,206
2019-07-22 23:18:00.707956,790,208
2019-07-23 23:18:00.707956,800,210
2019-07-24 23:18:00.707956,810,212
2019-07-25 23:18:00.707956,820,214
2019-07-26 23:18:00.707956,830,216
2019-07-27 23:18:00.707956,840,218
2019-07-28 23:18:00.707956,850,220
2019-07-29 23:18:00.707956,860,222
2019-07-30 23:18:00.707956,870,224
2019-07-31 23:18:00.707956,880,226
2019-08-01 23:18:00.707956,890,228
2019-08-02 23:18:00.707956,900,230
2019-08-03 23:18:00.707956,910,232
2019-08-04 23:18:00.707956,920,234
2019-08-05 23:18:00.707956,930,236
2019-08-06 23:18:00.707956,940,238
2019-08-07 23:18:00.707956,950,240
2019-08-08 23:18:00.707956,960,242
2019-08-09 23:18:00.707956,970,244
2019-08-10 23:18:00.707956,980,246
2019-08-11 23:18:00.707956,990,248
2019-08-12 23:18:00.707956,1000,250
2019-08-13 23:18:00.707956,1010,252
2019-08-14 23:18:00.707956,1020,254
2019-08-15 23:18:00.707956,1030,256
2019-08-16 23:18:00.707956,1040,258
2019-08-17 23:18:00.707956,1050,260
2019-08-18 23:18:00.707956,1060,262
2019-08-19 23:18:00.707956,1070,264
2019-08-20 23:18:00.707956,1080,266
2019-08-21 23:18:00.707956,1090,268
2019-08-22 23:18:00.707956,1100,270
2019-08-23 23:18:00.707956,1110,272
2019-08-24 23:18:00.707956,1120,274
2019-08-25 23:18:00.707956,1130,276
2019-08-26 23:18:00.707956,1140,278
2019-08-27 23:18:00.707956,1150,280
2019-08-28 23:18:00.707956,1160,282
2019-08-29 23:18:00.707956,1170,284
2019-08-30 23:18:00.707956,1180,286
2019-08-31 23:18:00.707956,1190,288
2019-09-01 23:18:00.707956,1200,290
2019-09-02 23:18:00.707956,1210,292
2019-09-03 23:18:00.707956,1220,294
2019-09-04 23:18:00.707956,1230,296
2019-09-05 23:18:00.707956,1240,298
2019-09-06 23:18:00.707956,1250,300
2019-09-07 23:18:00.707956,1260,302
2019-09-08 23:18:00.707956,1270,304
2019-09-09 23:18:00.707956,1280,306
2019-09-10 23:18:00.707956,1290,308
2019-09-11 23:18:00.707956,1300,310
2019-09-12 23:18:00.707956,1310,312
2019-09-13 23:18:00.707956,1320,314
2019-09-14 23:18:00.707956,1330,316
2019-09-15 23:18:00.707956,1340,318
2019-09-16 23:18:00.707956,1350,320
2019-09-17 23:18:00.707956,1360,322
2019-09-18 23:18:00.707956,1370,324
2019-09-19 23:18:00.707956,1380,326
2019-09-20 23:18:00.707956,1390,328
2019-09-21 23:18:00.707956,1400,330
2019-09-22 23:18:00.707956,1410,332
2019-09-23 23:18:00.707956,1420,334
2019-09-24 23:18:00.707956,1430,336
2019-09-25 23:18:00.707956,1440,338
2019-09-26 23:18:00.707956,1450,340
2019-09-27 23:18:00.707956,1460,342
2019-09-28 23:18:00.707956,1470,344
2019-09-29 23:18:00.707956,1480,346
2019-09-30 23:18:00.707956,1490,348
2019-10-01 23:18:00.707956,1500,350
2019-10-02 23:18:00.707956,1510,352
2019-10-03 23:18:00.707956,1520,354
2019-10-04 23:18:00.707956,1530,356
2019-10-05 23:18:00.707956,1540,358
2019-10-06 23:18:00.707956,1550,360
2019-10-07 23:18:00.707956,1560,362
2019-10-08 23:18:00.707956,1570,364
2019-10-09 23:18:00.707956,1580,366
2019-10-10 23:18:00.707956,1590,368
2019-10-11 23:18:00.707956,1600,370
2019-10-12 23:18:00.707956,1610,372
2019-10-13 23:18:00.707956,1620,374
2019-10-14 23:18:00.707956,1630,376
2019-10-15 23:18:00.707956,1640,378
2019-10-16 23:18:00.707956,1650,380
2019-10-17 23:18:00.707956,1660,382
2019-10-18 23:18:00.707956,1670,384
2019-10-19 23:18:00.707956,1680,386
2019-10-20 23:18:00.707956,1690,388
2019-10-21 23:18:00.707956,1700,390
2019-10-22 23:18:00.707956,1710,392
2019-10-23 23:18:00.707956,1720,394
2019-10-24 23:18:00.707956,1730,396
2019-10-25 23:18:00.707956,1740,398
2019-10-26 23:18:00.707956,1750,400
2019-10-27 23:18:00.707956,1760,402
2019-10-28 23:18:00.707956,1770,404
2019-10-29 23:18:00.707956,1780,406
2019-10-30 23:18:00.707956,1790,408
2019-10-31 23:18:00.707956,1800,410
2019-11-01 23:18:00.707956,1810,412
2019-11-02 23:18:00.707956,1820,414
2019-11-03 23:18:00.707956,1830,416
2019-11-04 23:18:00.707956,1840,418
2019-11-05 23:18:00.707956,1850,420
2019-11-06 23:18:00.707956,1860,422
2019-11-07 23:18:00.707956,1870,424
2019-11-08 23:18:00.707956,1880,426
2019-11-09 23:18:00.707956,1890,428
2019-11-10 23:18:00.707956,1900,430
2019-11-11 23:18:00.707956,1910,432
2019-11-12 23:18:00.707956,1920,434
2019-11-13 23:18:00.707956,1930,436
2019-11-14 23:18:00.707956,1940,438
2019-11-15 23:18:00.707956,1950,440
2019-11-16 23:18:00.707956,1960,442
2019-11-17 23:18:00.707956,1970,444
2019-11-18 23:18:00.707956,1980,446
2019-11-19 23:18:00.707956,1990,448
2019-11-20 23:18:00.707956,2000,450
2019-11-21 23:18:00.707956,2010,452
2019-11-22 23:18:00.707956,2020,454
2019-11-23 23:18:00.707956,2030,456
2019-11-24 23:18:00.707956,2040,458
2019-11-25 23:18:00.707956,2050,460
2019-11-26 23:18:00.707956,2060,462
2019-11-27 23:18:00.707956,2070,464
2019-11-28 23:18:00.707956,2080,466
2019-11-29 23:18:00.707956,2090,468
2019-11-30 23:18:00.707956,2100,470
2019-12-01 23:18:00.707956,2110,472
2019-12-02 23:18:00.707956,2120,474
2019-12-03 23:18:00.707956,2130,476
2019-12-04 23:18:00.707956,2140,478
2019-12-05 23:18:00.707956,2150,480
2019-12-06 23:18:00.707956,2160,482
2019-12-07 23:18:00.707956,2170,484
2019-12-08 23:18:00.707956,2180,486
2019-12-09 23:18:00.707956,2190,488
2019-12-10 23:18:00.707956,2200,490
2019-12-11 23:18:00.707956,2210,492
2019-12-12 23:18:00.707956,2220,494
2019-12-13 23:18:00.707956,2230,496
2019-12-14 23:18:00.707956,2240,498
2019-12-15 23:18:00.707956,2250,500
2019-12-16 23:18:00.707956,2260,502
2019-12-17 23:18:00.707956,2270,504
2019-12-18 23:18:00.707956,2280,506
2019-12-19 23:18:00.707956,2290,508
2019-12-20 23:18:00.707956,2300,510
2019-12-21 23:18:00.707956,2310,512
2019-12-22 23:18:00.707956,2320,514
2019-12-23 23:18:00.707956,2330,516
2019-12-24 23:18:00.707956,2340,518
2019-12-25 23:18:00.707956,2350,520
2019-12-26 23:18:00.707956,2360,522
2019-12-27 23:18:00.707956,2370,524
2019-12-28 23:18:00.707956,2380,526
2019-12-29 23:18:00.707956,2390,528
2019-12-30 23:18:00.707956,2400,530
2019-12-31 23:18:00.707956,2410,532
2020-01-01 23:18:00.707956,2420,534
2020-01-02 23:18:00.707956,2430,536
2020-01-03 23:18:00.707956,2440,538
2020-01-04 23:18:00.707956,2450,540
2020-01-05 23:18:00.707956,2460,542
2020-01-06 23:18:00.707956,2470,544
2020-01-07 23:18:00.707956,2480,546
2020-01-08 23:18:00.707956,2490,548
2020-01-09 23:18:00.707956,2500,550
2020-01-10 23:18:00.707956,2510,552
2020-01-11 23:18:00.707956,2520,554
2020-01-12 23:18:00.707956,2530,556
2020-01-13 23:18:00.707956,2540,558
2020-01-14 23:18:00.707956,2550,560
2020-01-15 23:18:00.707956,2560,562
2020-01-16 23:18:00.707956,2570,564
2020-01-17 23:18:00.707956,2580,566
2020-01-18 23:18:00.707956,2590,568
2020-01-19 23:18:00.707956,2600,570
2020-01-20 23:18:00.707956,2610,572
2020-01-21 23:18:00.707956,2620,574
2020-01-22 23:18:00.707956,2630,576
2020-01-23 23:18:00.707956,2640,578
2020-01-24 23:18:00.707956,2650,580
2020-01-25 23:18:00.707956,2660,582
2020-01-26 23:18:00.707956,2670,584
2020-01-27 23:18:00.707956,2680,586
2020-01-28 23:18:00.707956,2690,588
2020-01-29 23:18:00.707956,2700,590
2020-01-30 23:18:00.707956,2710,592
2020-01-31 23:18:00.707956,2720,594
2020-02-01 23:18:00.707956,2730,596
2020-02-02 23:18:00.707956,2740,598
2020-02-03 23:18:00.707956,2750,600
2020-02-04 23:18:00.707956,2760,602
2020-02-05 23:18:00.707956,2770,604
2020-02-06 23:18:00.707956,2780,606
2020-02-07 23:18:00.707956,2790,608
2020-02-08 23:18:00.707956,2800,610
2020-02-09 23:18:00.707956,2810,612
2020-02-10 23:18:00.707956,2820,614
2020-02-11 23:18:00.707956,2830,616
2020-02-12 23:18:00.707956,2840,618
2020-02-13 23:18:00.707956,2850,620
2020-02-14 23:18:00.707956,2860,622
2020-02-15 23:18:00.707956,2870,624
2020-02-16 23:18:00.707956,2880,626
2020-02-17 23:18:00.707956,2890,628
2020-02-18 23:18:00.707956,2900,630
2020-02-19 23:18:00.707956,2910,632
2020-02-20 23:18:00.707956,2920,634
2020-02-21 23:18:00.707956,2930,636
2020-02-22 23:18:00.707956,2940,638
2020-02-23 23:18:00.707956,2950,640
2020-02-24 23:18:00.707956,2960,642
2020-02-25 23:18:00.707956,2970,644
2020-02-26 23:18:00.707956,2980,646
2020-02-27 23:18:00.707956,2990,648
2020-02-28 23:18:00.707956,3000,650
2020-02-29 23:18:00.707956,3010,652
2020-03-01 23:18:00.707956,3020,654
2020-03-02 23:18:00.707956,3030,656
2020-03-03 23:18:00.707956,3040,658
2020-03-04 23:18:00.707956,3050,660
2020-03-05 23:18:00.707956,3060,662
2020-03-06 23:18:00.707956,3070,664
2020-03-07 23:18:00.707956,3080,666
2020-03-08 23:18:00.707956,3090,668
2020-03-09 23:18:00.707956,3100,670
2020-03-10 23:18:00.707956,3110,672
2020-03-11 23:18:00.707956,3120,674
2020-03-12 23:18:00.707956,3130,676
2020-03-13 23:18:00.707956,3140,678
2020-03-14 23:18:00.707956,3150,680
2020-03-15 23:18:00.707956,3160,682
2020-03-16 23:18:00.707956,3170,684
2020-03-17 23:18:00.707956,3180,686
2020-03-18 23:18:00.707956,3190,688
2020-03-19 23:18:00.707956,3200,690
2020-03-20 23:18:00.707956,3210,692
2020-03-21 23:18:00.707956,3220,694
2020-03-22 23:18:00.707956,3230,696
2020-03-23 23:18:00.707956,3240,698
2020-03-24 23:18:00.707956,3250,700
2020-03-25 23:18:00.707956,3260,702
2020-03-26 23:18:00.707956,3270,704
2020-03-27 23:18:00.707956,3280,706
2020-03-28 23:18:00.707956,3290,708
2020-03-29 23:18:00.707956,3300,710
2020-03-30 23:18:00.707956,3310,712
2020-03-31 23:18:00.707956,3320,714
2020-04-01 23:18:00.707956,3330,716
2020-04-02 23:18:00.707956,3340,718
2020-04-03 23:18:00.707956,3350,720
2020-04-04 23:18:00.707956,3360,722
2020-04-05 23:18:00.707956,3370,724
2020-04-06 23:18:00.707956,3380,726
2020-04-07 23:18:00.707956,3390,728
2020-04-08 23:18:00.707956,3400,730
2020-04-09 23:18:00.707956,3410,732
2020-04-10 23:18:00.707956,3420,734
2020-04-11 23:18:00.707956,3430,736
2020-04-12 23:18:00.707956,3440,738
2020-04-13 23:18:00.707956,3450,740
2020-04-14 23:18:00.707956,3460,742
2020-04-15 23:18:00.707956,3470,744
2020-04-16 23:18:00.707956,3480,746
2020-04-17 23:18:00.707956,3490,748
2020-04-18 23:18:00.707956,3500,750
2020-04-19 23:18:00.707956,3510,752
2020-04-20 23:18:00.707956,3520,754
2020-04-21 23:18:00.707956,3530,756
2020-04-22 23:18:00.707956,3540,758
2020-04-23 23:18:00.707956,3550,760
2020-04-24 23:18:00.707956,3560,762
2020-04-25 23:18:00.707956,3570,764
2020-04-26 23:18:00.707956,3580,766
2020-04-27 23:18:00.707956,3590,768
2020-04-28 23:18:00.707956,3600,770
2020-04-29 23:18:00.707956,3610,772
2020-04-30 23:18:00.707956,3620,774
2020-05-01 23:18:00.707956,3630,776
2020-05-02 23:18:00.707956,3640,778
2020-05-03 23:18:00.707956,3650,780
2020-05-04 23:18:00.707956,3660,782
2020-05-05 23:18:00.707956,3670,784
2020-05-06 23:18:00.707956,3680,786
2020-05-07 23:18:00.707956,3690,788
2020-05-08 23:18:00.707956,3700,790
2020-05-09 23:18:00.707956,3710,792
2020-05-10 23:18:00.707956,3720,794
2020-05-11 23:18:00.707956,3730,796
2020-05-12 23:18:00.707956,3740,798
2020-05-13 23:18:00.707956,3750,800
2020-05-14 23:18:00.707956,3760,802
2020-05-15 23:18:00.707956,3770,804
2020-05-16 23:18:00.707956,3780,806
2020-05-17 23:18:00.707956,3790,808
2020-05-18 23:18:00.707956,3800,810
2020-05-19 23:18:00.707956,3810,812
2020-05-20 23:18:00.707956,3820,814
2020-05-21 23:18:00.707956,3830,816
2020-05-22 23:18:00.707956,3840,818
2020-05-23 23:18:00.707956,3850,820
2020-05-24 23:18:00.707956,3860,822
2020-05-25 23:18:00.707956,3870,824
2020-05-26 23:18:00.707956,3880,826
2020-05-27 23:18:00.707956,3890,828
2020-05-28 23:18:00.707956,3900,830
2020-05-29 23:18:00.707956,3910,832
2020-05-30 23:18:00.707956,3920,834
2020-05-31 23:18:00.707956,3930,836
2020-06-01 23:18:00.707956,3940,838
2020-06-02 23:18:00.707956,3950,840
2020-06-03 23:18:00.707956,3960,842
2020-06-04 23:18:00.707956,3970,844
2020-06-05 23:18:00.707956,3980,846
2020-06-06 23:18:00.707956,3990,848
2020-06-07 23:18:00.707956,4000,850
2020-06-08 23:18:00.707956,4010,852
2020-06-09 23:18:00.707956,4020,854
2020-06-10 23:18:00.707956,4030,856
2020-06-11 23:18:00.707956,4040,858
2020-06-12 23:18:00.707956,4050,860
2020-06-13 23:18:00.707956,4060,862
2020-06-14 23:18:00.707956,4070,864
2020-06-15 23:18:00.707956,4080,866
2020-06-16 23:18:00.707956,4090,868
2020-06-17 23:18:00.707956,4100,870
2020-06-18 23:18:00.707956,4110,872
2020-06-19 23:18:00.707956,4120,874
2020-06-20 23:18:00.707956,4130,876
2020-06-21 23:18:00.707956,4140,878
2020-06-22 23:18:00.707956,4150,880
2020-06-23 23:18:00.707956,4160,882
2020-06-24 23:18:00.707956,4170,884
2020-06-25 23:18:00.707956,4180,886
2020-06-26 23:18:00.707956,4190,888
2020-06-27 23:18:00.707956,4200,890
2020-06-28 23:18:00.707956,4210,892
2020-06-29 23:18:00.707956,4220,894
2020-06-30 23:18:00.707956,4230,896
2020-07-01 23:18:00.707956,4240,898
2020-07-02 23:18:00.707956,4250,900
2020-07-03 23:18:00.707956,4260,902
2020-07-04 23:18:00.707956,4270,904
2020-07-05 23:18:00.707956,4280,906
2020-07-06 23:18:00.707956,4290,908
2020-07-07 23:18:00.707956,4300,910
2020-07-08 23:18:00.707956,4310,912
2020-07-09 23:18:00.707956,4320,914
2020-07-10 23:18:00.707956,4330,916
2020-07-11 23:18:00.707956,4340,918
2020-07-12 23:18:00.707956,4350,920
2020-07-13 23:18:00.707956,4360,922
2020-07-14 23:18:00.707956,4370,924
2020-07-15 23:18:00.707956,4380,926
2020-07-16 23:18:00.707956,4390,928
2020-07-17 23:18:00.707956,4400,930
2020-07-18 23:18:00.707956,4410,932
2020-07-19 23:18:00.707956,4420,934
2020-07-20 23:18:00.707956,4430,936
2020-07-21 23:18:00.707956,4440,938
2020-07-22 23:18:00.707956,4450,940
2020-07-23 23:18:00.707956,4460,942
2020-07-24 23:18:00.707956,4470,944
2020-07-25 23:18:00.707956,4480,946
2020-07-26 23:18:00.707956,4490,948
2020-07-27 23:18:00.707956,4500,950
2020-07-28 23:18:00.707956,4510,952
2020-07-29 23:18:00.707956,4520,954
2020-07-30 23:18:00.707956,4530,956
2020-07-31 23:18:00.707956,4540,958
2020-08-01 23:18:00.707956,4550,960
2020-08-02 23:18:00.707956,4560,962
2020-08-03 23:18:00.707956,4570,964
2020-08-04 23:18:00.707956,4580,966
2020-08-05 23:18:00.707956,4590,968
2020-08-06 23:18:00.707956,4600,970
2020-08-07 23:18:00.707956,4610,972
2020-08-08 23:18:00.707956,4620,974
2020-08-09 23:18:00.707956,4630,976
2020-08-10 23:18:00.707956,4640,978
2020-08-11 23:18:00.707956,4650,980
2020-08-12 23:18:00.707956,4660,982
2020-08-13 23:18:00.707956,4670,984
2020-08-14 23:18:00.707956,4680,986
2020-08-15 23:18:00.707956,4690,988
2020-08-16 23:18:00.707956,4700,990
2020-08-17 23:18:00.707956,4710,992
2020-08-18 23:18:00.707956,4720,994
2020-08-19 23:18:00.707956,4730,996
2020-08-20 23:18:00.707956,4740,998
2020-08-21 23:18:00.707956,4750,1000
2020-08-22 23:18:00.707956,4760,1002
2020-08-23 23:18:00.707956,4770,1004
2020-08-24 23:18:00.707956,4780,1006
2020-08-25 23:18:00.707956,4790,1008
2020-08-26 23:18:00.707956,4800,1010
2020-08-27 23:18:00.707956,4810,1012
2020-08-28 23:18:00.707956,4820,1014
2020-08-29 23:18:00.707956,4830,1016
2020-08-30 23:18:00.707956,4840,1018
2020-08-31 23:18:00.707956,4850,1020
2020-09-01 23:18:00.707956,4860,1022
2020-09-02 23:18:00.707956,4870,1024
2020-09-03 23:18:00.707956,4880,1026
2020-09-04 23:18:00.707956,4890,1028
2020-09-05 23:18:00.707956,4900,1030
2020-09-06 23:18:00.707956,4910,1032
2020-09-07 23:18:00.707956,4920,1034
2020-09-08 23:18:00.707956,4930,1036
2020-09-09 23:18:00.707956,4940,1038
2020-09-10 23:18:00.707956,4950,1040
2020-09-11 23:18:00.707956,4960,1042
2020-09-12 23:18:00.707956,4970,1044
2020-09-13 23:18:00.707956,4980,1046
2020-09-14 23:18:00.707956,4990,1048
2020-09-15 23:18:00.707956,5000,1050
2020-09-16 23:18:00.707956,5010,1052
2020-09-17 23:18:00.707956,5020,1054
2020-09-18 23:18:00.707956,5030,1056
2020-09-19 23:18:00.707956,5040,1058
2020-09-20 23:18:00.707956,5050,1060
2020-09-21 23:18:00.707956,5060,1062
2020-09-22 23:18:00.707956,5070,1064
2020-09-23 23:18:00.707956,5080,1066
2020-09-24 23:18:00.707956,5090,1068
2020-09-25 23:18:00.707956,5100,1070
2020-09-26 23:18:00.707956,5110,1072
2020-09-27 23:18:00.707956,5120,1074
2020-09-28 23:18:00.707956,5130,1076
2020-09-29 23:18:00.707956,5140,1078
2020-09-30 23:18:00.707956,5150,1080
2020-10-01 23:18:00.707956,5160,1082
2020-10-02 23:18:00.707956,5170,1084
2020-10-03 23:18:00.707956,5180,1086
2020-10-04 23:18:00.707956,5190,1088
2020-10-05 23:18:00.707956,5200,1090
2020-10-06 23:18:00.707956,5210,1092
2020-10-07 23:18:00.707956,5220,1094
2020-10-08 23:18:00.707956,5230,1096
2020-10-09 23:18:00.707956,5240,1098
2020-10-10 23:18:00.707956,5250,1100
2020-10-11 23:18:00.707956,5260,1102
2020-10-12 23:18:00.707956,5270,1104
2020-10-13 23:18:00.707956,5280,1106
2020-10-14 23:18:00.707956,5290,1108
2020-10-15 23:18:00.707956,5300,1110
2020-10-16 23:18:00.707956,5310,1112
2020-10-17 23:18:00.707956,5320,1114
2020-10-18 23:18:00.707956,5330,1116
2020-10-19 23:18:00.707956,5340,1118
2020-10-20 23:18:00.707956,5350,1120
2020-10-21 23:18:00.707956,5360,1122
2020-10-22 23:18:00.707956,5370,1124
2020-10-23 23:18:00.707956,5380,1126
2020-10-24 23:18:00.707956,5390,1128
2020-10-25 23:18:00.707956,5400,1130
2020-10-26 23:18:00.707956,5410,1132
2020-10-27 23:18:00.707956,5420,1134
2020-10-28 23:18:00.707956,5430,1136
2020-10-29 23:18:00.707956,5440,1138
2020-10-30 23:18:00.707956,5450,1140
2020-10-31 23:18:00.707956,5460,1142
2020-11-01 23:18:00.707956,5470,1144
2020-11-02 23:18:00.707956,5480,1146
2020-11-03 23:18:00.707956,5490,1148
2020-11-04 23:18:00.707956,5500,1150
2020-11-05 23:18:00.707956,5510,1152
2020-11-06 23:18:00.707956,5520,1154
2020-11-07 23:18:00.707956,5530,1156
2020-11-08 23:18:00.707956,5540,1158
2020-11-09 23:18:00.707956,5550,1160
2020-11-10 23:18:00.707956,5560,1162
2020-11-11 23:18:00.707956,5570,1164
2020-11-12 23:18:00.707956,5580,1166
2020-11-13 23:18:00.707956,5590,1168
2020-11-14 23:18:00.707956,5600,1170
2020-11-15 23:18:00.707956,5610,1172
2020-11-16 23:18:00.707956,5620,1174
2020-11-17 23:18:00.707956,5630,1176
2020-11-18 23:18:00.707956,5640,1178
2020-11-19 23:18:00.707956,5650,1180
2020-11-20 23:18:00.707956,5660,1182
2020-11-21 23:18:00.707956,5670,1184
2020-11-22 23:18:00.707956,5680,1186
2020-11-23 23:18:00.707956,5690,1188
2020-11-24 23:18:00.707956,5700,1190
2020-11-25 23:18:00.707956,5710,1192
2020-11-26 23:18:00.707956,5720,1194
2020-11-27 23:18:00.707956,5730,1196
2020-11-28 23:18:00.707956,5740,1198
2020-11-29 23:18:00.707956,5750,1200
2020-11-30 23:18:00.707956,5760,1202
2020-12-01 23:18:00.707956,5770,1204
2020-12-02 23:18:00.707956,5780,1206
2020-12-03 23:18:00.707956,5790,1208
2020-12-04 23:18:00.707956,5800,1210
2020-12-05 23:18:00.707956,5810,1212
2020-12-06 23:18:00.707956,5820,1214
2020-12-07 23:18:00.707956,5830,1216
2020-12-08 23:18:00.707956,5840,1218
2020-12-09 23:18:00.707956,5850,1220
2020-12-10 23:18:00.707956,5860,1222
2020-12-11 23:18:00.707956,5870,1224
2020-12-12 23:18:00.707956,5880,1226
2020-12-13 23:18:00.707956,5890,1228
2020-12-14 23:18:00.707956,5900,1230
2020-12-15 23:18:00.707956,5910,1232
2020-12-16 23:18:00.707956,5920,1234
2020-12-17 23:18:00.707956,5930,1236
2020-12-18 23:18:00.707956,5940,1238
2020-12-19 23:18:00.707956,5950,1240
2020-12-20 23:18:00.707956,5960,1242
2020-12-21 23:18:00.707956,5970,1244
2020-12-22 23:18:00.707956,5980,1246
2020-12-23 23:18:00.707956,5990,1248
2020-12-24 23:18:00.707956,6000,1250
2020-12-25 23:18:00.707956,6010,1252
2020-12-26 23:18:00.707956,6020,1254
2020-12-27 23:18:00.707956,6030,1256
2020-12-28 23:18:00.707956,6040,1258
2020-12-29 23:18:00.707956,6050,1260
2020-12-30 23:18:00.707956,6060,1262
2020-12-31 23:18:00.707956,6070,1264
2021-01-01 23:18:00.707956,6080,1266
2021-01-02 23:18:00.707956,6090,1268
2021-01-03 23:18:00.707956,6100,1270
2021-01-04 23:18:00.707956,6110,1272
2021-01-05 23:18:00.707956,6120,1274
2021-01-06 23:18:00.707956,6130,1276
2021-01-07 23:18:00.707956,6140,1278
2021-01-08 23:18:00.707956,6150,1280
2021-01-09 23:18:00.707956,6160,1282
2021-01-10 23:18:00.707956,6170,1284
2021-01-11 23:18:00.707956,6180,1286
2021-01-12 23:18:00.707956,6190,1288
2021-01-13 23:18:00.707956,6200,1290
2021-01-14 23:18:00.707956,6210,1292
2021-01-15 23:18:00.707956,6220,1294
2021-01-16 23:18:00.707956,6230,1296
2021-01-17 23:18:00.707956,6240,1298
2021-01-18 23:18:00.707956,6250,1300
2021-01-19 23:18:00.707956,6260,1302
2021-01-20 23:18:00.707956,6270,1304
2021-01-21 23:18:00.707956,6280,1306
2021-01-22 23:18:00.707956,6290,1308
2021-01-23 23:18:00.707956,6300,1310
2021-01-24 23:18:00.707956,6310,1312
2021-01-25 23:18:00.707956,6320,1314
2021-01-26 23:18:00.707956,6330,1316
2021-01-27 23:18:00.707956,6340,1318
2021-01-28 23:18:00.707956,6350,1320
2021-01-29 23:18:00.707956,6360,1322
2021-01-30 23:18:00.707956,6370,1324
2021-01-31 23:18:00.707956,6380,1326
2021-02-01 23:18:00.707956,6390,1328
2021-02-02 23:18:00.707956,6400,1330
2021-02-03 23:18:00.707956,6410,1332
2021-02-04 23:18:00.707956,6420,1334
2021-02-05 23:18:00.707956,6430,1336
2021-02-06 23:18:00.707956,6440,1338
2021-02-07 23:18:00.707956,6450,1340
2021-02-08 23:18:00.707956,6460,1342
2021-02-09 23:18:00.707956,6470,1344
2021-02-10 23:18:00.707956,6480,1346
2021-02-11 23:18:00.707956,6490,1348
2021-02-12 23:18:00.707956,6500,1350
2021-02-13 23:18:00.707956,6510,1352
2021-02-14 23:18:00.707956,6520,1354
2021-02-15 23:18:00.707956,6530,1356
2021-02-16 23:18:00.707956,6540,1358
2021-02-17 23:18:00.707956,6550,1360
2021-02-18 23:18:00.707956,6560,1362
2021-02-19 23:18:00.707956,6570,1364
2021-02-20 23:18:00.707956,6580,1366
2021-02-21 23:18:00.707956,6590,1368
2021-02-22 23:18:00.707956,6600,1370
2021-02-23 23:18:00.707956,6610,1372
2021-02-24 23:18:00.707956,6620,1374
2021-02-25 23:18:00.707956,6630,1376
2021-02-26 23:18:00.707956,6640,1378
2021-02-27 23:18:00.707956,6650,1380
2021-02-28 23:18:00.707956,6660,1382
2021-03-01 23:18:00.707956,6670,1384
2021-03-02 23:18:00.707956,6680,1386
2021-03-03 23:18:00.707956,6690,1388
2021-03-04 23:18:00.707956,6700,1390
2021-03-05 23:18:00.707956,6710,1392
2021-03-06 23:18:00.707956,6720,1394
2021-03-07 23:18:00.707956,6730,1396
2021-03-08 23:18:00.707956,6740,1398
2021-03-09 23:18:00.707956,6750,1400
2021-03-10 23:18:00.707956,6760,1402
2021-03-11 23:18:00.707956,6770,1404
2021-03-12 23:18:00.707956,6780,1406
2021-03-13 23:18:00.707956,6790,1408
2021-03-14 23:18:00.707956,6800,1410
2021-03-15 23:18:00.707956,6810,1412
2021-03-16 23:18:00.707956,6820,1414
2021-03-17 23:18:00.707956,6830,1416
2021-03-18 23:18:00.707956,6840,1418
2021-03-19 23:18:00.707956,6850,1420
2021-03-20 23:18:00.707956,6860,1422
2021-03-21 23:18:00.707956,6870,1424
2021-03-22 23:18:00.707956,6880,1426
2021-03-23 23:18:00.707956,6890,1428
2021-03-24 23:18:00.707956,6900,1430
2021-03-25 23:18:00.707956,6910,1432
2021-03-26 23:18:00.707956,6920,1434
2021-03-27 23:18:00.707956,6930,1436
2021-03-28 23:18:00.707956,6940,1438
2021-03-29 23:18:00.707956,6950,1440
2021-03-30 23:18:00.707956,6960,1442
2021-03-31 23:18:00.707956,6970,1444
2021-04-01 23:18:00.707956,6980,1446
2021-04-02 23:18:00.707956,6990,1448
2021-04-03 23:18:00.707956,7000,1450
2021-04-04 23:18:00.707956,7010,1452
2021-04-05 23:18:00.707956,7020,1454
2021-04-06 23:18:00.707956,7030,1456
2021-04-07 23:18:00.707956,7040,1458
2021-04-08 23:18:00.707956,7050,1460
2021-04-09 23:18:00.707956,7060,1462
2021-04-10 23:18:00.707956,7070,1464
2021-04-11 23:18:00.707956,7080,1466
2021-04-12 23:18:00.707956,7090,1468
2021-04-13 23:18:00.707956,7100,1470
2021-04-14 23:18:00.707956,7110,1472
2021-04-15 23:18:00.707956,7120,1474
2021-04-16 23:18:00.707956,7130,1476
2021-04-17 23:18:00.707956,7140,1478
2021-04-18 23:18:00.707956,7150,1480
2021-04-19 23:18:00.707956,7160,1482
2021-04-20 23:18:00.707956,7170,1484
2021-04-21 23:18:00.707956,7180,1486
2021-04-22 23:18:00.707956,7190,1488
2021-04-23 23:18:00.707956,7200,1490
2021-04-24 23:18:00.707956,7210,1492
2021-04-25 23:18:00.707956,7220,1494
2021-04-26 23:18:00.707956,7230,1496
2021-04-27 23:18:00.707956,7240,1498
2021-04-28 23:18:00.707956,7250,1500
2021-04-29 23:18:00.707956,7260,1502
2021-04-30 23:18:00.707956,7270,1504
2021-05-01 23:18:00.707956,7280,1506
2021-05-02 23:18:00.707956,7290,1508
2021-05-03 23:18:00.707956,7300,1510
2021-05-04 23:18:00.707956,7310,1512
2021-05-05 23:18:00.707956,7320,1514
2021-05-06 23:18:00.707956,7330,1516
2021-05-07 23:18:00.707956,7340,1518
2021-05-08 23:18:00.707956,7350,1520
2021-05-09 23:18:00.707956,7360,1522
2021-05-10 23:18:00.707956,7370,1524
2021-05-11 23:18:00.707956,7380,1526
2021-05-12 23:18:00.707956,7390,1528
2021-05-13 23:18:00.707956,7400,1530
2021-05-14 23:18:00.707956,7410,1532
2021-05-15 23:18:00.707956,7420,1534
2021-05-16 23:18:00.707956,7430,1536
2021-05-17 23:18:00.707956,7440,1538
2021-05-18 23:18:00.707956,7450,1540
2021-05-19 23:18:00.707956,7460,1542
2021-05-20 23:18:00.707956,7470,1544
2021-05-21 23:18:00.707956,7480,1546
2021-05-22 23:18:00.707956,7490,1548
2021-05-23 23:18:00.707956,7500,1550
2021-05-24 23:18:00.707956,7510,1552
2021-05-25 23:18:00.707956,7520,1554
2021-05-26 23:18:00.707956,7530,1556
2021-05-27 23:18:00.707956,7540,1558
2021-05-28 23:18:00.707956,7550,1560
2021-05-29 23:18:00.707956,7560,1562
2021-05-30 23:18:00.707956,7570,1564
2021-05-31 23:18:00.707956,7580,1566
2021-06-01 23:18:00.707956,7590,1568
2021-06-02 23:18:00.707956,7600,1570
2021-06-03 23:18:00.707956,7610,1572
2021-06-04 23:18:00.707956,7620,1574
2021-06-05 23:18:00.707956,7630,1576
2021-06-06 23:18:00.707956,7640,1578
2021-06-07 23:18:00.707956,7650,1580
2021-06-08 23:18:00.707956,7660,1582
2021-06-09 23:18:00.707956,7670,1584
2021-06-10 23:18:00.707956,7680,1586
2021-06-11 23:18:00.707956,7690,1588
2021-06-12 23:18:00.707956,7700,1590
2021-06-13 23:18:00.707956,7710,1592
2021-06-14 23:18:00.707956,7720,1594
2021-06-15 23:18:00.707956,7730,1596
2021-06-16 23:18:00.707956,7740,1598
2021-06-17 23:18:00.707956,7750,1600
2021-06-18 23:18:00.707956,7760,1602
2021-06-19 23:18:00.707956,7770,1604
2021-06-20 23:18:00.707956,7780,1606
2021-06-21 23:18:00.707956,7790,1608
2021-06-22 23:18:00.707956,7800,1610
2021-06-23 23:18:00.707956,7810,1612
2021-06-24 23:18:00.707956,7820,1614
2021-06-25 23:18:00.707956,7830,1616
2021-06-26 23:18:00.707956,7840,1618
2021-06-27 23:18:00.707956,7850,1620
2021-06-28 23:18:00.707956,7860,1622
2021-06-29 23:18:00.707956,7870,1624
2021-06-30 23:18:00.707956,7880,1626
2021-07-01 23:18:00.707956,7890,1628
2021-07-02 23:18:00.707956,7900,1630
2021-07-03 23:18:00.707956,7910,1632
2021-07-04 23:18:00.707956,7920,1634
2021-07-05 23:18:00.707956,7930,1636
2021-07-06 23:18:00.707956,7940,1638
2021-07-07 23:18:00.707956,7950,1640
2021-07-08 23:18:00.707956,7960,1642
2021-07-09 23:18:00.707956,7970,1644
2021-07-10 23:18:00.707956,7980,1646
2021-07-11 23:18:00.707956,7990,1648
2021-07-12 23:18:00.707956,8000,1650
2021-07-13 23:18:00.707956,8010,1652
2021-07-14 23:18:00.707956,8020,1654
2021-07-15 23:18:00.707956,8030,1656
2021-07-16 23:18:00.707956,8040,1658
2021-07-17 23:18:00.707956,8050,1660
2021-07-18 23:18:00.707956,8060,1662
2021-07-19 23:18:00.707956,8070,1664
2021-07-20 23:18:00.707956,8080,1666
2021-07-21 23:18:00.707956,8090,1668
2021-07-22 23:18:00.707956,8100,1670
2021-07-23 23:18:00.707956,8110,1672
2021-07-24 23:18:00.707956,8120,1674
2021-07-25 23:18:00.707956,8130,1676
2021-07-26 23:18:00.707956,8140,1678
2021-07-27 23:18:00.707956,8150,1680
2021-07-28 23:18:00.707956,8160,1682
2021-07-29 23:18:00.707956,8170,1684
2021-07-30 23:18:00.707956,8180,1686
2021-07-31 23:18:00.707956,8190,1688
2021-08-01 23:18:00.707956,8200,1690
2021-08-02 23:18:00.707956,8210,1692
2021-08-03 23:18:00.707956,8220,1694
2021-08-04 23:18:00.707956,8230,1696
2021-08-05 23:18:00.707956,8240,1698
2021-08-06 23:18:00.707956,8250,1700
2021-08-07 23:18:00.707956,8260,1702
2021-08-08 23:18:00.707956,8270,1704
2021-08-09 23:18:00.707956,8280,1706
2021-08-10 23:18:00.707956,8290,1708
2021-08-11 23:18:00.707956,8300,1710
2021-08-12 23:18:00.707956,8310,1712
2021-08-13 23:18:00.707956,8320,1714
2021-08-14 23:18:00.707956,8330,1716
2021-08-15 23:18:00.707956,8340,1718
2021-08-16 23:18:00.707956,8350,1720
2021-08-17 23:18:00.707956,8360,1722
2021-08-18 23:18:00.707956,8370,1724
2021-08-19 23:18:00.707956,8380,1726
2021-08-20 23:18:00.707956,8390,1728
2021-08-21 23:18:00.707956,8400,1730
2021-08-22 23:18:00.707956,8410,1732
2021-08-23 23:18:00.707956,8420,1734
2021-08-24 23:18:00.707956,8430,1736
2021-08-25 23:18:00.707956,8440,1738
2021-08-26 23:18:00.707956,8450,1740
2021-08-27 23:18:00.707956,8460,1742
2021-08-28 23:18:00.707956,8470,1744
2021-08-29 23:18:00.707956,8480,1746
2021-08-30 23:18:00.707956,8490,1748
2021-08-31 23:18:00.707956,8500,1750
2021-09-01 23:18:00.707956,8510,1752
2021-09-02 23:18:00.707956,8520,1754
2021-09-03 23:18:00.707956,8530,1756
2021-09-04 23:18:00.707956,8540,1758
2021-09-05 23:18:00.707956,8550,1760
2021-09-06 23:18:00.707956,8560,1762
2021-09-07 23:18:00.707956,8570,1764
2021-09-08 23:18:00.707956,8580,1766
2021-09-09 23:18:00.707956,8590,1768
2021-09-10 23:18:00.707956,8600,1770
2021-09-11 23:18:00.707956,8610,1772
2021-09-12 23:18:00.707956,8620,1774
2021-09-13 23:18:00.707956,8630,1776
2021-09-14 23:18:00.707956,8640,1778
2021-09-15 23:18:00.707956,8650,1780
2021-09-16 23:18:00.707956,8660,1782
2021-09-17 23:18:00.707956,8670,1784
2021-09-18 23:18:00.707956,8680,1786
2021-09-19 23:18:00.707956,8690,1788
2021-09-20 23:18:00.707956,8700,1790
2021-09-21 23:18:00.707956,8710,1792
2021-09-22 23:18:00.707956,8720,1794
2021-09-23 23:18:00.707956,8730,1796
2021-09-24 23:18:00.707956,8740,1798
2021-09-25 23:18:00.707956,8750,1800
2021-09-26 23:18:00.707956,8760,1802
2021-09-27 23:18:00.707956,8770,1804
2021-09-28 23:18:00.707956,8780,1806
2021-09-29 23:18:00.707956,8790,1808
2021-09-30 23:18:00.707956,8800,1810
2021-10-01 23:18:00.707956,8810,1812
2021-10-02 23:18:00.707956,8820,1814
2021-10-03 23:18:00.707956,8830,1816
2021-10-04 23:18:00.707956,8840,1818
2021-10-05 23:18:00.707956,8850,1820
2021-10-06 23:18:00.707956,8860,1822
2021-10-07 23:18:00.707956,8870,1824
2021-10-08 23:18:00.707956,8880,1826
2021-10-09 23:18:00.707956,8890,1828
2021-10-10 23:18:00.707956,8900,1830
2021-10-11 23:18:00.707956,8910,1832
2021-10-12 23:18:00.707956,8920,1834
2021-10-13 23:18:00.707956,8930,1836
2021-10-14 23:18:00.707956,8940,1838
2021-10-15 23:18:00.707956,8950,1840
2021-10-16 23:18:00.707956,8960,1842
2021-10-17 23:18:00.707956,8970,1844
2021-10-18 23:18:00.707956,8980,1846
2021-10-19 23:18:00.707956,8990,1848
2021-10-20 23:18:00.707956,9000,1850
2021-10-21 23:18:00.707956,9010,1852
2021-10-22 23:18:00.707956,9020,1854
2021-10-23 23:18:00.707956,9030,1856
2021-10-24 23:18:00.707956,9040,1858
2021-10-25 23:18:00.707956,9050,1860
2021-10-26 23:18:00.707956,9060,1862
2021-10-27 23:18:00.707956,9070,1864
2021-10-28 23:18:00.707956,9080,1866
2021-10-29 23:18:00.707956,9090,1868
2021-10-30 23:18:00.707956,9100,1870
2021-10-31 23:18:00.707956,9110,1872
2021-11-01 23:18:00.707956,9120,1874
2021-11-02 23:18:00.707956,9130,1876
2021-11-03 23:18:00.707956,9140,1878
2021-11-04 23:18:00.707956,9150,1880
2021-11-05 23:18:00.707956,9160,1882
2021-11-06 23:18:00.707956,9170,1884
2021-11-07 23:18:00.707956,9180,1886
2021-11-08 23:18:00.707956,9190,1888
2021-11-09 23:18:00.707956,9200,1890
2021-11-10 23:18:00.707956,9210,1892
2021-11-11 23:18:00.707956,9220,1894
2021-11-12 23:18:00.707956,9230,1896
2021-11-13 23:18:00.707956,9240,1898
2021-11-14 23:18:00.707956,9250,1900
2021-11-15 23:18:00.707956,9260,1902
2021-11-16 23:18:00.707956,9270,1904
2021-11-17 23:18:00.707956,9280,1906
2021-11-18 23:18:00.707956,9290,1908
2021-11-19 23:18:00.707956,9300,1910
2021-11-20 23:18:00.707956,9310,1912
2021-11-21 23:18:00.707956,9320,1914
2021-11-22 23:18:00.707956,9330,1916
2021-11-23 23:18:00.707956,9340,1918
2021-11-24 23:18:00.707956,9350,1920
2021-11-25 23:18:00.707956,9360,1922
2021-11-26 23:18:00.707956,9370,1924
2021-11-27 23:18:00.707956,9380,1926
2021-11-28 23:18:00.707956,9390,1928
2021-11-29 23:18:00.707956,9400,1930
2021-11-30 23:18:00.707956,9410,1932
2021-12-01 23:18:00.707956,9420,1934
2021-12-02 23:18:00.707956,9430,1936
2021-12-03 23:18:00.707956,9440,1938
2021-12-04 23:18:00.707956,9450,1940
2021-12-05 23:18:00.707956,9460,1942
2021-12-06 23:18:00.707956,9470,1944
2021-12-07 23:18:00.707956,9480,1946
2021-12-08 23:18:00.707956,9490,1948
2021-12-09 23:18:00.707956,9500,1950
2021-12-10 23:18:00.707956,9510,1952
2021-12-11 23:18:00.707956,9520,1954
2021-12-12 23:18:00.707956,9530,1956
2021-12-13 23:18:00.707956,9540,1958
2021-12-14 23:18:00.707956,9550,1960
2021-12-15 23:18:00.707956,9560,1962
2021-12-16 23:18:00.707956,9570,1964
2021-12-17 23:18:00.707956,9580,1966
2021-12-18 23:18:00.707956,9590,1968
2021-12-19 23:18:00.707956,9600,1970
2021-12-20 23:18:00.707956,9610,1972
2021-12-21 23:18:00.707956,9620,1974
2021-12-22 23:18:00.707956,9630,1976
2021-12-23 23:18:00.707956,9640,1978
2021-12-24 23:18:00.707956,9650,1980
2021-12-25 23:18:00.707956,9660,1982
2021-12-26 23:18:00.707956,9670,1984
2021-12-27 23:18:00.707956,9680,1986
2021-12-28 23:18:00.707956,9690,1988
2021-12-29 23:18:00.707956,9700,1990
2021-12-30 23:18:00.707956,9710,1992
2021-12-31 23:18:00.707956,9720,1994
2022-01-01 23:18:00.707956,9730,1996
2022-01-02 23:18:00.707956,9740,1998
2022-01-03 23:18:00.707956,9750,2000
2022-01-04 23:18:00.707956,9760,2002
2022-01-05 23:18:00.707956,9770,2004
2022-01-06 23:18:00.707956,9780,2006
2022-01-07 23:18:00.707956,9790,2008
2022-01-08 23:18:00.707956,9800,2010
2022-01-09 23:18:00.707956,9810,2012
2022-01-10 23:18:00.707956,9820,2014
2022-01-11 23:18:00.707956,9830,2016
2022-01-12 23:18:00.707956,9840,2018
2022-01-13 23:18:00.707956,9850,2020
2022-01-14 23:18:00.707956,9860,2022
2022-01-15 23:18:00.707956,9870,2024
2022-01-16 23:18:00.707956,9880,2026
2022-01-17 23:18:00.707956,9890,2028
2022-01-18 23:18:00.707956,9900,2030
2022-01-19 23:18:00.707956,9910,2032
2022-01-20 23:18:00.707956,9920,2034
2022-01-21 23:18:00.707956,9930,2036
2022-01-22 23:18:00.707956,9940,2038
2022-01-23 23:18:00.707956,9950,2040
2022-01-24 23:18:00.707956,9960,2042
2022-01-25 23:18:00.707956,9970,2044
2022-01-26 23:18:00.707956,9980,2046
2022-01-27 23:18:00.707956,9990,2048
2022-01-28 23:18:00.707956,10000,2050
2022-01-29 23:18:00.707956,10010,2052
2022-01-30 23:18:00.707956,10020,2054
2022-01-31 23:18:00.707956,10030,2056
2022-02-01 23:18:00.707956,10040,2058
2022-02-02 23:18:00.707956,10050,2060
2022-02-03 23:18:00.707956,10060,2062
2022-02-04 23:18:00.707956,10070,2064
2022-02-05 23:18:00.707956,10080,2066
2022-02-06 23:18:00.707956,10090,2068
2022-02-07 23:18:00.707956,10100,2070
2022-02-08 23:18:00.707956,10110,2072
2022-02-09 23:18:00.707956,10120,2074
2022-02-10 23:18:00.707956,10130,2076
2022-02-11 23:18:00.707956,10140,2078
2022-02-12 23:18:00.707956,10150,2080
2022-02-13 23:18:00.707956,10160,2082
2022-02-14 23:18:00.707956,10170,2084
2022-02-15 23:18:00.707956,10180,2086
2022-02-16 23:18:00.707956,10190,2088
2022-02-17 23:18:00.707956,10200,2090
2022-02-18 23:18:00.707956,10210,2092
2022-02-19 23:18:00.707956,10220,2094
2022-02-20 23:18:00.707956,10230,2096
2022-02-21 23:18:00.707956,10240,2098
2022-02-22 23:18:00.707956,10250,2100
2022-02-23 23:18:00.707956,10260,2102
2022-02-24 23:18:00.707956,10270,2104
2022-02-25 23:18:00.707956,10280,2106
2022-02-26 23:18:00.707956,10290,2108
2022-02-27 23:18:00.707956,10300,2110
2022-02-28 23:18:00.707956,10310,2112
2022-03-01 23:18:00.707956,10320,2114
2022-03-02 23:18:00.707956,10330,2116
2022-03-03 23:18:00.707956,10340,2118
2022-03-04 23:18:00.707956,10350,2120
2022-03-05 23:18:00.707956,10360,2122
2022-03-06 23:18:00.707956,10370,2124
2022-03-07 23:18:00.707956,10380,2126
2022-03-08 23:18:00.707956,10390,2128
2022-03-09 23:18:00.707956,10400,2130
2022-03-10 23:18:00.707956,10410,2132
2022-03-11 23:18:00.707956,10420,2134
2022-03-12 23:18:00.707956,10430,2136
2022-03-13 23:18:00.707956,10440,2138
2022-03-14 23:18:00.707956,10450,2140
2022-03-15 23:18:00.707956,10460,2142
2022-03-16 23:18:00.707956,10470,2144
2022-03-17 23:18:00.707956,10480,2146
2022-03-18 23:18:00.707956,10490,2148
2022-03-19 23:18:00.707956,10500,2150
2022-03-20 23:18:00.707956,10510,2152
2022-03-21 23:18:00.707956,10520,2154
2022-03-22 23:18:00.707956,10530,2156
2022-03-23 23:18:00.707956,10540,2158
2022-03-24 23:18:00.707956,10550,2160
2022-03-25 23:18:00.707956,10560,2162
2022-03-26 23:18:00.707956,10570,2164
2022-03-27 23:18:00.707956,10580,2166
2022-03-28 23:18:00.707956,10590,2168
2022-03-29 23:18:00.707956,10600,2170
2022-03-30 23:18:00.707956,10610,2172
2022-03-31 23:18:00.707956,10620,2174
2022-04-01 23:18:00.707956,10630,2176
2022-04-02 23:18:00.707956,10640,2178
2022-04-03 23:18:00.707956,10650,2180
2022-04-04 23:18:00.707956,10660,2182
2022-04-05 23:18:00.707956,10670,2184
2022-04-06 23:18:00.707956,10680,2186
2022-04-07 23:18:00.707956,10690,2188
2022-04-08 23:18:00.707956,10700,2190
2022-04-09 23:18:00.707956,10710,2192
2022-04-10 23:18:00.707956,10720,2194
2022-04-11 23:18:00.707956,10730,2196
2022-04-12 23:18:00.707956,10740,2198
2022-04-13 23:18:00.707956,10750,2200
2022-04-14 23:18:00.707956,10760,2202
2022-04-15 23:18:00.707956,10770,2204
2022-04-16 23:18:00.707956,10780,2206
2022-04-17 23:18:00.707956,10790,2208
2022-04-18 23:18:00.707956,10800,2210
2022-04-19 23:18:00.707956,10810,2212
2022-04-20 23:18:00.707956,10820,2214
2022-04-21 23:18:00.707956,10830,2216
2022-04-22 23:18:00.707956,10840,2218
2022-04-23 23:18:00.707956,10850,2220
2022-04-24 23:18:00.707956,10860,2222
2022-04-25 23:18:00.707956,10870,2224
2022-04-26 23:18:00.707956,10880,2226
2022-04-27 23:18:00.707956,10890,2228
2022-04-28 23:18:00.707956,10900,2230
2022-04-29 23:18:00.707956,10910,2232
2022-04-30 23:18:00.707956,10920,2234
2022-05-01 23:18:00.707956,10930,2236
2022-05-02 23:18:00.707956,10940,2238
2022-05-03 23:18:00.707956,10950,2240
2022-05-04 23:18:00.707956,10960,2242
2022-05-05 23:18:00.707956,10970,2244
2022-05-06 23:18:00.707956,10980,2246
2022-05-07 23:18:00.707956,10990,2248
2022-05-08 23:18:00.707956,11000,2250
2022-05-09 23:18:00.707956,11010,2252
2022-05-10 23:18:00.707956,11020,2254
2022-05-11 23:18:00.707956,11030,2256
2022-05-12 23:18:00.707956,11040,2258
2022-05-13 23:18:00.707956,11050,2260
2022-05-14 23:18:00.707956,11060,2262
2022-05-15 23:18:00.707956,11070,2264
2022-05-16 23:18:00.707956,11080,2266
2022-05-17 23:18:00.707956,11090,2268
2022-05-18 23:18:00.707956,11100,2270
2022-05-19 23:18:00.707956,11110,2272
2022-05-20 23:18:00.707956,11120,2274
2022-05-21 23:18:00.707956,11130,2276
2022-05-22 23:18:00.707956,11140,2278
2022-05-23 23:18:00.707956,11150,2280
2022-05-24 23:18:00.707956,11160,2282
2022-05-25 23:18:00.707956,11170,2284
2022-05-26 23:18:00.707956,11180,2286
2022-05-27 23:18:00.707956,11190,2288
2022-05-28 23:18:00.707956,11200,2290
2022-05-29 23:18:00.707956,11210,2292
2022-05-30 23:18:00.707956,11220,2294
2022-05-31 23:18:00.707956,11230,2296
2022-06-01 23:18:00.707956,11240,2298
2022-06-02 23:18:00.707956,11250,2300
2022-06-03 23:18:00.707956,11260,2302
2022-06-04 23:18:00.707956,11270,2304
2022-06-05 23:18:00.707956,11280,2306
2022-06-06 23:18:00.707956,11290,2308
2022-06-07 23:18:00.707956,11300,2310
2022-06-08 23:18:00.707956,11310,2312
2022-06-09 23:18:00.707956,11320,2314
2022-06-10 23:18:00.707956,11330,2316
2022-06-11 23:18:00.707956,11340,2318
2022-06-12 23:18:00.707956,11350,2320
2022-06-13 23:18:00.707956,11360,2322
2022-06-14 23:18:00.707956,11370,2324
2022-06-15 23:18:00.707956,11380,2326
2022-06-16 23:18:00.707956,11390,2328
2022-06-17 23:18:00.707956,11400,2330
2022-06-18 23:18:00.707956,11410,2332
2022-06-19 23:18:00.707956,11420,2334
2022-06-20 23:18:00.707956,11430,2336
2022-06-21 23:18:00.707956,11440,2338
2022-06-22 23:18:00.707956,11450,2340
2022-06-23 23:18:00.707956,11460,2342
2022-06-24 23:18:00.707956,11470,2344
2022-06-25 23:18:00.707956,11480,2346
2022-06-26 23:18:00.707956,11490,2348
2022-06-27 23:18:00.707956,11500,2350
2022-06-28 23:18:00.707956,11510,2352
2022-06-29 23:18:00.707956,11520,2354
2022-06-30 23:18:00.707956,11530,2356
2022-07-01 23:18:00.707956,11540,2358
2022-07-02 23:18:00.707956,11550,2360
2022-07-03 23:18:00.707956,11560,2362
2022-07-04 23:18:00.707956,11570,2364
2022-07-05 23:18:00.707956,11580,2366
2022-07-06 23:18:00.707956,11590,2368
2022-07-07 23:18:00.707956,11600,2370
2022-07-08 23:18:00.707956,11610,2372
2022-07-09 23:18:00.707956,11620,2374
2022-07-10 23:18:00.707956,11630,2376
2022-07-11 23:18:00.707956,11640,2378
2022-07-12 23:18:00.707956,11650,2380
2022-07-13 23:18:00.707956,11660,2382
2022-07-14 23:18:00.707956,11670,2384
2022-07-15 23:18:00.707956,11680,2386
2022-07-16 23:18:00.707956,11690,2388
2022-07-17 23:18:00.707956,11700,2390
2022-07-18 23:18:00.707956,11710,2392
2022-07-19 23:18:00.707956,11720,2394
2022-07-20 23:18:00.707956,11730,2396
2022-07-21 23:18:00.707956,11740,2398
2022-07-22 23:18:00.707956,11750,2400
2022-07-23 23:18:00.707956,11760,2402
2022-07-24 23:18:00.707956,11770,2404
2022-07-25 23:18:00.707956,11780,2406
2022-07-26 23:18:00.707956,11790,2408
2022-07-27 23:18:00.707956,11800,2410
2022-07-28 23:18:00.707956,11810,2412
2022-07-29 23:18:00.707956,11820,2414
2022-07-30 23:18:00.707956,11830,2416
2022-07-31 23:18:00.707956,11840,2418
2022-08-01 23:18:00.707956,11850,2420
2022-08-02 23:18:00.707956,11860,2422
2022-08-03 23:18:00.707956,11870,2424
2022-08-04 23:18:00.707956,11880,2426
2022-08-05 23:18:00.707956,11890,2428
2022-08-06 23:18:00.707956,11900,2430
2022-08-07 23:18:00.707956,11910,2432
2022-08-08 23:18:00.707956,11920,2434
2022-08-09 23:18:00.707956,11930,2436
2022-08-10 23:18:00.707956,11940,2438
2022-08-11 23:18:00.707956,11950,2440
2022-08-12 23:18:00.707956,11960,2442
2022-08-13 23:18:00.707956,11970,2444
2022-08-14 23:18:00.707956,11980,2446
2022-08-15 23:18:00.707956,11990,2448
2022-08-16 23:18:00.707956,12000,2450
2022-08-17 23:18:00.707956,12010,2452
2022-08-18 23:18:00.707956,12020,2454
2022-08-19 23:18:00.707956,12030,2456
2022-08-20 23:18:00.707956,12040,2458
2022-08-21 23:18:00.707956,12050,2460
2022-08-22 23:18:00.707956,12060,2462
2022-08-23 23:18:00.707956,12070,2464
2022-08-24 23:18:00.707956,12080,2466
2022-08-25 23:18:00.707956,12090,2468
2022-08-26 23:18:00.707956,12100,2470
2022-08-27 23:18:00.707956,12110,2472
2022-08-28 23:18:00.707956,12120,2474
2022-08-29 23:18:00.707956,12130,2476
2022-08-30 23:18:00.707956,12140,2478
2022-08-31 23:18:00.707956,12150,2480
2022-09-01 23:18:00.707956,12160,2482
2022-09-02 23:18:00.707956,12170,2484
2022-09-03 23:18:00.707956,12180,2486
2022-09-04 23:18:00.707956,12190,2488
2022-09-05 23:18:00.707956,12200,2490
2022-09-06 23:18:00.707956,12210,2492
2022-09-07 23:18:00.707956,12220,2494
2022-09-08 23:18:00.707956,12230,2496
2022-09-09 23:18:00.707956,12240,2498
2022-09-10 23:18:00.707956,12250,2500
2022-09-11 23:18:00.707956,12260,2502
2022-09-12 23:18:00.707956,12270,2504
2022-09-13 23:18:00.707956,12280,2506
2022-09-14 23:18:00.707956,12290,2508
2022-09-15 23:18:00.707956,12300,2510
2022-09-16 23:18:00.707956,12310,2512
2022-09-17 23:18:00.707956,12320,2514
2022-09-18 23:18:00.707956,12330,2516
2022-09-19 23:18:00.707956,12340,2518
2022-09-20 23:18:00.707956,12350,2520
2022-09-21 23:18:00.707956,12360,2522
2022-09-22 23:18:00.707956,12370,2524
2022-09-23 23:18:00.707956,12380,2526
2022-09-24 23:18:00.707956,12390,2528
2022-09-25 23:18:00.707956,12400,2530
2022-09-26 23:18:00.707956,12410,2532
2022-09-27 23:18:00.707956,12420,2534
2022-09-28 23:18:00.707956,12430,2536
2022-09-29 23:18:00.707956,12440,2538
2022-09-30 23:18:00.707956,12450,2540
2022-10-01 23:18:00.707956,12460,2542
2022-10-02 23:18:00.707956,12470,2544
2022-10-03 23:18:00.707956,12480,2546
2022-10-04 23:18:00.707956,12490,2548
2022-10-05 23:18:00.707956,12500,2550
2022-10-06 23:18:00.707956,12510,2552
2022-10-07 23:18:00.707956,12520,2554
2022-10-08 23:18:00.707956,12530,2556
2022-10-09 23:18:00.707956,12540,2558
2022-10-10 23:18:00.707956,12550,2560
2022-10-11 23:18:00.707956,12560,2562
2022-10-12 23:18:00.707956,12570,2564
2022-10-13 23:18:00.707956,12580,2566
2022-10-14 23:18:00.707956,12590,2568
2022-10-15 23:18:00.707956,12600,2570
2022-10-16 23:18:00.707956,12610,2572
2022-10-17 23:18:00.707956,12620,2574
2022-10-18 23:18:00.707956,12630,2576
2022-10-19 23:18:00.707956,12640,2578
2022-10-20 23:18:00.707956,12650,2580
2022-10-21 23:18:00.707956,12660,2582
2022-10-22 23:18:00.707956,12670,2584
2022-10-23 23:18:00.707956,12680,2586
2022-10-24 23:18:00.707956,12690,2588
2022-10-25 23:18:00.707956,12700,2590
2022-10-26 23:18:00.707956,12710,2592
2022-10-27 23:18:00.707956,12720,2594
2022-10-28 23:18:00.707956,12730,2596
2022-10-29 23:18:00.707956,12740,2598
2022-10-30 23:18:00.707956,12750,2600
2022-10-31 23:18:00.707956,12760,2602
2022-11-01 23:18:00.707956,12770,2604
2022-11-02 23:18:00.707956,12780,2606
2022-11-03 23:18:00.707956,12790,2608
2022-11-04 23:18:00.707956,12800,2610
2022-11-05 23:18:00.707956,12810,2612
2022-11-06 23:18:00.707956,12820,2614
2022-11-07 23:18:00.707956,12830,2616
2022-11-08 23:18:00.707956,12840,2618
2022-11-09 23:18:00.707956,12850,2620
2022-11-10 23:18:00.707956,12860,2622
2022-11-11 23:18:00.707956,12870,2624
2022-11-12 23:18:00.707956,12880,2626
2022-11-13 23:18:00.707956,12890,2628
2022-11-14 23:18:00.707956,12900,2630
2022-11-15 23:18:00.707956,12910,2632
2022-11-16 23:18:00.707956,12920,2634
2022-11-17 23:18:00.707956,12930,2636
2022-11-18 23:18:00.707956,12940,2638
2022-11-19 23:18:00.707956,12950,2640
2022-11-20 23:18:00.707956,12960,2642
2022-11-21 23:18:00.707956,12970,2644
2022-11-22 23:18:00.707956,12980,2646
2022-11-23 23:18:00.707956,12990,2648
2022-11-24 23:18:00.707956,13000,2650
2022-11-25 23:18:00.707956,13010,2652
2022-11-26 23:18:00.707956,13020,2654
2022-11-27 23:18:00.707956,13030,2656
2022-11-28 23:18:00.707956,13040,2658
2022-11-29 23:18:00.707956,13050,2660
2022-11-30 23:18:00.707956,13060,2662
2022-12-01 23:18:00.707956,13070,2664
2022-12-02 23:18:00.707956,13080,2666
2022-12-03 23:18:00.707956,13090,2668
2022-12-04 23:18:00.707956,13100,2670
2022-12-05 23:18:00.707956,13110,2672
2022-12-06 23:18:00.707956,13120,2674
2022-12-07 23:18:00.707956,13130,2676
2022-12-08 23:18:00.707956,13140,2678
2022-12-09 23:18:00.707956,13150,2680
2022-12-10 23:18:00.707956,13160,2682
2022-12-11 23:18:00.707956,13170,2684
2022-12-12 23:18:00.707956,13180,2686
2022-12-13 23:18:00.707956,13190,2688
2022-12-14 23:18:00.707956,13200,2690
2022-12-15 23:18:00.707956,13210,2692
2022-12-16 23:18:00.707956,13220,2694
2022-12-17 23:18:00.707956,13230,2696
2022-12-18 23:18:00.707956,13240,2698
2022-12-19 23:18:00.707956,13250,2700
2022-12-20 23:18:00.707956,13260,2702
2022-12-21 23:18:00.707956,13270,2704
2022-12-22 23:18:00.707956,13280,2706
2022-12-23 23:18:00.707956,13290,2708
2022-12-24 23:18:00.707956,13300,2710
2022-12-25 23:18:00.707956,13310,2712
2022-12-26 23:18:00.707956,13320,2714
2022-12-27 23:18:00.707956,13330,2716
2022-12-28 23:18:00.707956,13340,2718
2022-12-29 23:18:00.707956,13350,2720
2022-12-30 23:18:00.707956,13360,2722
2022-12-31 23:18:00.707956,13370,2724
2023-01-01 23:18:00.707956,13380,2726
2023-01-02 23:18:00.707956,13390,2728
2023-01-03 23:18:00.707956,13400,2730
2023-01-04 23:18:00.707956,13410,2732
2023-01-05 23:18:00.707956,13420,2734
2023-01-06 23:18:00.707956,13430,2736
2023-01-07 23:18:00.707956,13440,2738
2023-01-08 23:18:00.707956,13450,2740
2023-01-09 23:18:00.707956,13460,2742
2023-01-10 23:18:00.707956,13470,2744
2023-01-11 23:18:00.707956,13480,2746
2023-01-12 23:18:00.707956,13490,2748
2023-01-13 23:18:00.707956,13500,2750
2023-01-14 23:18:00.707956,13510,2752
2023-01-15 23:18:00.707956,13520,2754
2023-01-16 23:18:00.707956,13530,2756
2023-01-17 23:18:00.707956,13540,2758
2023-01-18 23:18:00.707956,13550,2760
2023-01-19 23:18:00.707956,13560,2762
2023-01-20 23:18:00.707956,13570,2764
2023-01-21 23:18:00.707956,13580,2766
2023-01-22 23:18:00.707956,13590,2768
2023-01-23 23:18:00.707956,13600,2770
2023-01-24 23:18:00.707956,13610,2772
2023-01-25 23:18:00.707956,13620,2774
2023-01-26 23:18:00.707956,13630,2776
2023-01-27 23:18:00.707956,13640,2778
2023-01-28 23:18:00.707956,13650,2780
2023-01-29 23:18:00.707956,13660,2782
2023-01-30 23:18:00.707956,13670,2784
2023-01-31 23:18:00.707956,13680,2786
2023-02-01 23:18:00.707956,13690,2788
2023-02-02 23:18:00.707956,13700,2790
2023-02-03 23:18:00.707956,13710,2792
2023-02-04 23:18:00.707956,13720,2794
2023-02-05 23:18:00.707956,13730,2796
2023-02-06 23:18:00.707956,13740,2798
2023-02-07 23:18:00.707956,13750,2800
2023-02-08 23:18:00.707956,13760,2802
2023-02-09 23:18:00.707956,13770,2804
2023-02-10 23:18:00.707956,13780,2806
2023-02-11 23:18:00.707956,13790,2808
2023-02-12 23:18:00.707956,13800,2810
2023-02-13 23:18:00.707956,13810,2812
2023-02-14 23:18:00.707956,13820,2814
2023-02-15 23:18:00.707956,13830,2816
2023-02-16 23:18:00.707956,13840,2818
2023-02-17 23:18:00.707956,13850,2820
2023-02-18 23:18:00.707956,13860,2822
2023-02-19 23:18:00.707956,13870,2824
2023-02-20 23:18:00.707956,13880,2826
2023-02-21 23:18:00.707956,13890,2828
2023-02-22 23:18:00.707956,13900,2830
2023-02-23 23:18:00.707956,13910,2832
2023-02-24 23:18:00.707956,13920,2834
2023-02-25 23:18:00.707956,13930,2836
2023-02-26 23:18:00.707956,13940,2838
2023-02-27 23:18:00.707956,13950,2840
2023-02-28 23:18:00.707956,13960,2842
2023-03-01 23:18:00.707956,13970,2844
2023-03-02 23:18:00.707956,13980,2846
2023-03-03 23:18:00.707956,13990,2848
2023-03-04 23:18:00.707956,14000,2850
2023-03-05 23:18:00.707956,14010,2852
2023-03-06 23:18:00.707956,14020,2854
2023-03-07 23:18:00.707956,14030,2856
2023-03-08 23:18:00.707956,14040,2858
2023-03-09 23:18:00.707956,14050,2860
2023-03-10 23:18:00.707956,14060,2862
2023-03-11 23:18:00.707956,14070,2864
2023-03-12 23:18:00.707956,14080,2866
2023-03-13 23:18:00.707956,14090,2868
2023-03-14 23:18:00.707956,14100,2870
2023-03-15 23:18:00.707956,14110,2872
2023-03-16 23:18:00.707956,14120,2874
2023-03-17 23:18:00.707956,14130,2876
2023-03-18 23:18:00.707956,14140,2878
2023-03-19 23:18:00.707956,14150,2880
2023-03-20 23:18:00.707956,14160,2882
2023-03-21 23:18:00.707956,14170,2884
2023-03-22 23:18:00.707956,14180,2886
2023-03-23 23:18:00.707956,14190,2888
2023-03-24 23:18:00.707956,14200,2890
2023-03-25 23:18:00.707956,14210,2892
2023-03-26 23:18:00.707956,14220,2894
2023-03-27 23:18:00.707956,14230,2896
2023-03-28 23:18:00.707956,14240,2898
2023-03-29 23:18:00.707956,14250,2900
2023-03-30 23:18:00.707956,14260,2902
2023-03-31 23:18:00.707956,14270,2904
2023-04-01 23:18:00.707956,14280,2906
2023-04-02 23:18:00.707956,14290,2908
2023-04-03 23:18:00.707956,14300,2910
2023-04-04 23:18:00.707956,14310,2912
2023-04-05 23:18:00.707956,14320,2914
2023-04-06 23:18:00.707956,14330,2916
2023-04-07 23:18:00.707956,14340,2918
2023-04-08 23:18:00.707956,14350,2920
2023-04-09 23:18:00.707956,14360,2922
2023-04-10 23:18:00.707956,14370,2924
2023-04-11 23:18:00.707956,14380,2926
2023-04-12 23:18:00.707956,14390,2928
2023-04-13 23:18:00.707956,14400,2930
2023-04-14 23:18:00.707956,14410,2932
2023-04-15 23:18:00.707956,14420,2934
2023-04-16 23:18:00.707956,14430,2936
2023-04-17 23:18:00.707956,14440,2938
2023-04-18 23:18:00.707956,14450,2940
2023-04-19 23:18:00.707956,14460,2942
2023-04-20 23:18:00.707956,14470,2944
2023-04-21 23:18:00.707956,14480,2946
2023-04-22 23:18:00.707956,14490,2948
2023-04-23 23:18:00.707956,14500,2950
2023-04-24 23:18:00.707956,14510,2952
2023-04-25 23:18:00.707956,14520,2954
2023-04-26 23:18:00.707956,14530,2956
2023-04-27 23:18:00.707956,14540,2958
2023-04-28 23:18:00.707956,14550,2960
2023-04-29 23:18:00.707956,14560,2962
2023-04-30 23:18:00.707956,14570,2964
2023-05-01 23:18:00.707956,14580,2966
2023-05-02 23:18:00.707956,14590,2968
2023-05-03 23:18:00.707956,14600,2970
